,pdb_id,len,sequence,secondary_structure,helix%,strand%,coil%
0,1avf,26,AVVKVPLKKFKSIRETMKEKGLLGEF,CCCCCCCCCCCCHHHHHHHHCCCCCC,30.769,0.0,69.231
1,1bh4,30,CGESCVWIPCISAALGCSCKNKVCYRNGIP,CCEECCCCCCCCHHHCCEEECCEEEECCEC,10.0,33.333,56.667
2,1bk8,50,LCNERPSQTWSGNCGNTAHCDKQCQDWEKASHGACHKRENHWKCFCYFNC,CCEEEECCCCCCCCCCHHHHHHHHHHHHCCCEEEEEEECCEEEEEEEECC,24.0,38.0,38.0
3,1bnb,38,APLSCGRNGGVCIPIRCPVPMRQIGTCFGRPVKCCRSW,CHHHHHHHCCEEECCCCCCCCEEEEEECCCCEEEEECC,18.421,36.842,44.737
4,1cix,44,YSRCQLQGFNCVVRSYGLPTIPCCRGLTCRSYFPGSTYGRCQRY,CCCCECCCEEEECCCCCCCCCCECCCEEEEECCCCCCEEEEEEC,0.0,38.636,61.364
5,1cw5,48,VNYGNGVSCSKTKCSVNWGQAFQERYTAGINSFVSGVASGAGSIGRRP,CCCCCCCCCCCCCCCCCHHHHHHHHHHHHHHHHHHHHHHHHHCCCCCC,52.083,0.0,47.917
6,1cz6,25,RSVCRQIKICRRRGGCYYKCTNRPY,CCCCEEEEEECCCCCEEEEEECCCC,0.0,48.0,52.0
7,1dfn,30,DCYCRIPACIAGERRYGTCIYQGRLWAFCC,CCEEECCCCCCCCCEEEEEEECCEEEEEEC,0.0,53.333,46.667
8,1dkc,38,AGCIKNGGRCNASAGPPYCCSSYCFQIAGQSYGVCKNR,CCCECCCEEECCCCCCCCECCCCEECCCCCCCEEECCC,0.0,26.316,73.684
9,1dum,23,GIGKYLHSAKKFGKAWVGEIMNS,CHHHHHHHHHHHHHHHHHHHHHC,91.304,0.0,8.696
10,1e4q,37,PVTCLKSGAICHPVFCPRRYKQIGTCGLPGTKCCKKP,HHHHHHHCCEEEECCCCCCCEEEEECCCCCEEEEECC,18.919,37.838,43.243
11,1f8p,36,YPSKPDNPGEDAPAEDLARYYSALRHYINLITRQRY,CCCCCCCCCCCCCHHHHHHHHHHHHHHHHHHHCCCC,52.778,0.0,47.222
12,1fjn,39,GFGCPNNYQCHRHCKSIPGRCGGYCGGWHRLRCTCYRCG,CCCCCCHHHHHHHHHHCCCEEEEEEECCCCCEEEEEECC,25.641,33.333,41.026
13,1fry,29,RGLRRLGRKIAHGVKKYGPTVLRIIRIAG,CHHHHHHHHHHHHHHHHHHHHHHHHHHHC,93.103,0.0,6.897
14,1fvn,36,YPSKPDNPGEDAPAEDLARYYSALRHYINLAARQRY,CCCCCCCCCCCCCHHHHHHHHHHHHHHHHHHHHHCC,58.333,0.0,41.667
15,1i2u,44,DKLIGSCVWGAVNYTSDCNGECKRRGYKGGHCGSFANVNCWCET,CEEEEECCCCCCCECCCHHHHHHHHCCCEEEEECCCCCEEEEEC,18.182,36.364,45.455
16,1i2v,44,DKLIGSCVWGAVNYTSDCNGECLLRGYKGGHCGSFANVNCWCET,CEEEEECCCCCCCECCCHHHHHHHHCCCEEEEECCCCCEEEEEC,18.182,36.364,45.455
17,1ica,40,ATCDLLSGTGINHSACAAHCLLRGNRGGYCNGKGVCVCRN,CECCCCCCCCHHHHHHHHHHHHHCCCEEEEECCCEEEEEC,32.5,27.5,40.0
18,1icy,36,YPSKPDNPGEDAPAEDLARYYSALRHYINLAPRQRY,CCCCCCCCCCCCCHHHHHHHHHHHHHHHHHCCCCCC,47.222,0.0,52.778
19,1iyc,36,ELPKLPDDKVLIRSRSNCPKGKVWNGFDCKSPFAFS,CCCCCCCCHHHHHHCCCCCCCEEECCEEECCCCCCC,16.667,16.667,66.667
20,1jkz,46,KTCEHLADTYRGVCFTNASCDDHCKNKAHLISGTCHNWKCFCTQNC,CEEEEECCCCCCCCCCHHHHHHHHHHHCCCCEEEEECCEEEEEEEC,23.913,36.957,39.13
21,1jmn,46,KSCCPNTTGRNIYNTCRFGGGSRQVCASLSGCKIISASTCPSDYPK,CEECCCHHHHHHHHHHHHHCCCHHHHHHHHCCEECCCCCCCCCCCC,45.652,8.696,45.652
22,1jmp,46,KSCCPNTTGRNIYNTCRLGGGSRERCASLSGCKIISASTCPSDYPK,CEECCCHHHHHHHHHHHHHCCCHHHHHHHHCCEECCCCCCCCCCCC,45.652,8.696,45.652
23,1kj6,45,GIINTLQKYYCRVRGGRCAVLSCLPKEEQIGKCSTRGRKCCRRKK,CHHHHHHHHHHHHHCCEEECCCCCCCEEEEEECCCCCCEEEEECC,28.889,31.111,40.0
24,1kv4,42,AKIPIKAIKTVGKAVGKGLRAINIASTANDVFNFLKPKKRKA,CCCCHHHHHHHHHHHHHHHHHHHHHHHHHHHHHHHCCCCCCC,73.81,0.0,26.19
25,1l4v,40,ATCDLLSGTGINHSACAAHCLLRGNRGGYCNGKAVCVCRN,CCCCCCCCCCHHHHHHHHHHHHHCCCEEEEECCCEEEEEC,32.5,25.0,42.5
26,1lfc,25,FKCRRWQWRMKKLGAPSITCVRRAF,CHHHHHHHHHHHHCCCCCCCCCCCC,48.0,0.0,52.0
27,1lu8,34,GCLEFWWKCNPNDDKCCRPKLKCSKLFKLCNFSF,CCECCCEECCCCCCCECCCCEEEECCCCEEEECC,0.0,35.294,64.706
28,1lv4,21,SSMKLSFRARAYGFRGPGPQL,HHHHHHHHHHHHHHHCCCCCC,71.429,0.0,28.571
29,1lyp,32,GLRKRLRKFRNKIKEKLKKIGQKIQGLLPKLA,CHHHHHHHHHHHHHHHHHHHHHHHHHHHHHHC,93.75,0.0,6.25
30,1m4e,20,ICIFCCGCCHRSKCGMCCKT,CEEEEECCCCCCCEEEEECC,0.0,50.0,50.0
31,1mm0,36,ACNFQSCWATCQAQHSIYFRRAFCDRSQCKCVFVRG,CCCHHHHHHHHHHHHHHHEEEEEEECCEEEEEECCC,41.667,36.111,22.222
32,1mmc,30,VGECVRGRCPSGMCCSQFGYCGKGPKYCGR,CCECECCECCCCCEEECCCEEECCHHHHHC,16.667,30.0,53.333
33,1myn,44,DCLSGRYKGPCAVWDNETCRRVCKEEGRSSGHCSPSLKCWCEGC,CEECCCCCCCCCCCHHHHHHHHHHHHCCCEEEEECCCEEEEECC,27.273,27.273,45.455
34,1ohm,44,KYYGNGVHCGKHSCTVDWGTAIGCIGNNAAANWATGGNAGWNKC,CECCCCEEECCCCEEECHHHHHHHHHHHHHHHHHHCCCCCCCCC,40.909,15.909,43.182
35,1orx,24,VCGETCVGGTCNTPGCTCSWPVCT,CCCEECCCCCCCCCCCCEECCEEC,0.0,25.0,75.0
36,1ozz,44,DKLIGSCVWGAVNYTSNCNAECKRRGYKGGHCGSFANVNCWCET,CEEEEECCCCCCCECCCHHHHHHHHCCCEEEEECCCCCEEEEEC,18.182,36.364,45.455
37,1p00,44,DKLIGSCVWGAVNYTSNCRAECKRRGYKGGHCGSFANVNCWCET,CEEEEECCCCCCCECCCHHHHHHHHCCCEEEEECCCCCEEEEEC,18.182,36.364,45.455
38,1p0a,44,DKLIGSCVWGAVNYTSNCNAECKRRGYKGGHCGSFLNVNCWCET,CEEEEECCCCCCCECCCHHHHHHHHCCCEEEEECCCCCEEEEEC,18.182,36.364,45.455
39,1p0g,19,AKKVFKRLEKLFSKIQNDK,HHHHHHHHHHHHHHHHHHC,94.737,0.0,5.263
40,1p0l,19,AKKVFKRLEKLFSKIWNDK,HHHHHHHHHHHHHHHHHHC,94.737,0.0,5.263
41,1p0o,19,AKKVFKRLEKLFSKIWNWK,HHHHHHHHHHHHHHHHHHC,94.737,0.0,5.263
42,1p5k,19,AKKVFKRLEKSFSKIQNDK,HHHHHHHHHHHHHHHHHHC,94.737,0.0,5.263
43,1p5l,19,AKKVSKRLEKLFSKIQNDK,HHHHHHHHHHHHHHHHHHC,94.737,0.0,5.263
44,1pxq,35,NKGCATCSIGAACLVDGPIPDFEIAGATGLFGLWG,CHHHHHHHHHHHHHHCCCCCCHHHHHHHHHHHHHC,77.143,0.0,22.857
45,1q3j,36,CIKNGNGCQPNGSQGNCCSGYCHKQPGWVAGYCRRK,CECCCEEEECCCCCECECCCCEECCCCCCCEEECCC,0.0,33.333,66.667
46,1ron,36,YPSKPDNPGEDAPAEDMARYYSALRHYINLITRQRY,CCCCCCCCCCCCCHHHHHHHHHHHHHHHHHHHCCCC,52.778,0.0,47.222
47,1s6w,21,GCRFCCNCCPNMSGCGVCCRF,CCEEEECCCCCCCCEEEECCC,0.0,38.095,61.905
48,1ti5,46,RTCMIKKEGWGKCLIDTTCAHSCKNRGYIGGNCKGMTRTCYCLVNC,CEEEEECCCCCECCCHHHHHHHHHHHCCCEEEEECCCCEEEEEEEC,23.913,39.13,36.957
49,1tyk,34,GCLEFWWKCNPNDDKCCRPKLKCSKLFKLCNFSF,CCECCCEECCCCCCCECCCCEEEECCCCEEEECC,0.0,35.294,64.706
50,1tz4,36,YPSKPDNPGEDAPAEDLAQYAADLRHYINLITRQRY,CCCCCCCCCCCCCHHHHHHHHHHHHHHHHHHHCCCC,52.778,0.0,47.222
51,1u0i,21,EIAALEKEIAALEKEIAALEK,HHHHHHHHHHHHHHHHHHHHC,95.238,0.0,4.762
52,1ut3,38,SFGLCRLRRGFCARGRCRFPSIPIGRCSRFVQCCRRVW,CHHHHHHHCCEEEECCCCCCEEEEEEEECCEEEEEECC,18.421,47.368,34.211
53,1vb8,30,CAESCVWIPCTVTALLGCSCSNKVCYNGIP,CCEECCCCCCCCCHHHCEEEECCEEEECCC,10.0,33.333,56.667
54,1w9n,30,ASIVKTTIKAAKKLCRGFTLTCGCHFTGKK,CHHHHHHHHHHHHHHHHHHHHHHHHHHCCC,86.667,0.0,13.333
55,1x22,42,GKIPVKAIKKAGAAIGKGLRAINIASTAHDVYSFFKPKHKKK,CCCCHHHHHHHHHHHHHHHHHHHHHHHHHHHHHHHCCCCCCC,73.81,0.0,26.19
56,1xv3,47,HSSGYTRPLRKPSRPIFIRPIGCDVCYGIPSSTARLCCFRYGDCCHL,CCCCCCCCCCCCCCCCCCCCCCCCCCCCCCHHHHHHHHHHHCCCCCC,23.404,0.0,76.596
57,1ytr,26,KSSAYSLQMGATAIKQVKKLFKKWGW,CHHHHHHHHHHHHHHHHHHHHHHHCC,88.462,0.0,11.538
58,1z64,25,GWGSFFKKAAHVGKHVGKAALTHYL,CHHHHHHHHHHHHHHHHHHHHHHHC,92.0,0.0,8.0
59,1zmm,33,VCSCRLVFCRRTELRVGNCLIGGVSFTYCCTRV,CEEEEECCCCCCCEEEEEEEECCEEEEEEECCC,0.0,60.606,39.394
60,1znt,30,VGECVRGRCPSGMCCSQFGFCGKGPKYCGR,CCECECCECCCCCEEECCCEEECCHHHHHC,16.667,30.0,53.333
61,1zrx,42,RGFRKHFNKLVKKVKHTISETAHVAKDTAVIAGSGAAVVAAT,CHHHHHHHHHHHHHHHHHHHHHHHHHHHHHHHHHHHHHHHHC,95.238,0.0,4.762
62,1zuv,30,VGECVRGRCPSGMCCSQWGYCGKGPKYCGR,CCECECCECCCCCEEECCCEEECCHHHHHC,16.667,30.0,53.333
63,1zwu,30,VGECVRGRCPSGMCCSQAGYCGKGPKYCGR,CCECECCECCCCCEEECCCEEECCHHHHHC,16.667,30.0,53.333
64,2a2b,41,ARSYGNGVYCNNKKCWVNRGEATQSIIGGMISGWASGLAGM,CCEECCCEEEECCEEEECHHHHHHHHHHHHHHHHHHHHHHC,53.659,24.39,21.951
65,2amn,26,RVKRVWPLVIRTVIAGYNLYRAIKKK,CCCHHHHHHHHHHHHHHHHHHHHHHC,84.615,0.0,15.385
66,2b5k,19,RRWCFRVCYRGRFCYRKCR,CCCEEEEEECCCEEEEEEC,0.0,63.158,36.842
67,2b68,43,GFGCPGNQLKCNNHCKSISCRAGYCDAATLWLRCTCTDCNGKK,CCCCCCCHHHHHHHHHHHCEEEEEEEHHHCCCEEEEEEECCCC,32.558,32.558,34.884
68,2dcv,42,YVSCLFRGARCRVYSGRSCCFGYYCRRDFPGSIFGTCSRRNF,CCCCECCCEEEECCCCCCECCCEEEEECCCCCCEEEEEECCC,0.0,40.476,59.524
69,2dcw,42,YITCLFRGARCRVYSGRSCCFGYYCRRDFPGSIFGTCSRRNF,CCCCECCCEEEECCCCCCECCCEEEEECCCCCCEEEEEECCC,0.0,40.476,59.524
70,2dez,36,YPIKPEAPGEDASPEELNRYYASLRHYLNLVTRQRY,CCCCCCCCCCCCCHHHHHHHHHHHHHHHHHHHCCCC,52.778,0.0,47.222
71,2df0,34,IKPEAPGEDASPEELNRYYASLRHYLNLVTRQRY,CCCCCCCCCCCHHHHHHHHHHHHHHHHHHHCCCC,55.882,0.0,44.118
72,2e3g,40,ATCDLASKWNWNHTLCAAHCIARRYRGGYCNSKAVCVCRN,CCCCCCCCCCHHHHHHHHHHHHHCCCEEEEECCCEEEEEC,32.5,25.0,42.5
73,2eri,31,CGESCVFIPCISTLLGCSCKNKVCYRNGVIP,CCEECCCCCCCCHHHCEEEECCEEEECCCCC,9.677,32.258,58.065
74,2fcg,25,IGKEFKRIVQRIKDFLRNLVPRTES,HHHHHHHHHHHHHHHHHHHCCCCCC,76.0,0.0,24.0
75,2fqa,27,SAISCGETCFKFKCYTPRCSCSYPVCK,CCCCCCEECCCCCCCCCCCCEECCEEC,0.0,22.222,77.778
76,2g9l,37,GILDTLKQFAKGVGKDLVKGAAQGVLSTVSCKLAKTC,CHHHHHHHHHHHHHHHHHHHHHHHHHHHHHHHHHCCC,89.189,0.0,10.811
77,2g9p,26,GLFGKLIKKFGRKAISYAVKKARGKH,CHHHHHHHHHHHHHHHHHHHHHHHCC,88.462,0.0,11.538
78,2gdl,31,LVQRGRFGRFLRKIRRFRPKVTITIQGSARF,CCCHHHHHHHHHHHHHCCCHHHHHHHHHHCC,74.194,0.0,25.806
79,2gl1,47,KTCENLANTYRGPCFTTGSCDDHCKNKEHLRSGRCRDDFRCWCTRNC,CEEEEECCCCCCCCCCHHHHHHHHHHHHCCCEEEECCCCCEEEEEEC,25.532,31.915,42.553
80,2hfr,27,KRFWPLVPVAINTVAAGINLYKAIRRK,CCCCHHHHHHHHHHHHHHHHHHHHHHC,81.481,0.0,18.519
81,2i2j,21,SGSLSTFFRLFNRSFTQALGK,HHHHHHHHHHHHHHHHHHHHC,95.238,0.0,4.762
82,2igr,33,KWKVFKKIEKKWKVFKKIEKAGPKWKVFKKIEK,HHHHHHHHHHHHHHHHHHHHHCHHHHHHHHHHC,93.939,0.0,6.061
83,2it8,29,GVCPKILKKCRRDSDCPGACICRGNGYCG,CCCCCCCEECCCHHHCCCCCCEECCCEEC,10.345,20.69,68.966
84,2jpy,19,FLSLIPHAINAVSTLVHHF,CCHHHHHHHHHHHHHHHHC,84.211,0.0,15.789
85,2jq0,19,FLSLIPHAINAVSAIAKHN,CCHHHHHHHHHHHHHHHHC,84.211,0.0,15.789
86,2jq1,19,FLSLIPHAINAVSALANHG,CCHHHHHHHHHHHHHHHHC,84.211,0.0,15.789
87,2jr8,42,GKIPVKAIKQAGKVIGKGLRAINIAGTTHDVVSFFRPKKKKH,CCCCHHHHHHHHHHHHHHHHHHHHHHHHHHHHHHHCCCCCCC,73.81,0.0,26.19
88,2jsb,21,RWCVYAYVRVRGVLVRYRRCW,CCEEEEEEEECCEEEEEEEEC,0.0,76.19,23.81
89,2jwm,29,CGETCTLGTCYTQGCTCSWPICKRNGLPV,CCEECCCCCCCCCCCEEECCEEEECCECC,0.0,34.483,65.517
90,2k10,32,GILSSFKGVAKGVAKDLAGKLLETLKCKITGC,CHHHHHHHHHHHHHHHHHHHHHHHHHHHHHCC,90.625,0.0,9.375
91,2k1i,32,RRTCHCRSRCLRRESNSGSCNINGRIFSLCCR,CCCEEEECCCCCCCEEEEEEEECCEEEEEEEC,0.0,59.375,40.625
92,2k38,35,GFGALFKFLAKKVAKTVAKQAAKQGAKYVVNKQME,CHHHHHHHHHHHHHHHHHHHHHHHHHHHHHHHHHC,94.286,0.0,5.714
93,2k7g,29,GVPICGETCTLGTCYTAGCSCSWPVCTRN,CCCEEEEECCCCCCCCCCCEEECCEEECC,0.0,37.931,62.069
94,2k98,24,GIGKFLKKAKKGIGAVLKVLTTGL,CHHHHHHHHHHHHHHHHHHHHHCC,87.5,0.0,12.5
95,2ket,26,GRFKRFRKKFKKLFKKLSPVIPLLHL,CHHHHHHHHHHHHHHHHCCCCCCCCC,61.538,0.0,38.462
96,2kj7,37,KCNTATCATQRLANFLVRSSNNLGPVLPPTNVGSNTY,CCCHHHHHHHHHHHHHHHHHHHHCCCCCCCCCCCCCC,54.054,0.0,45.946
97,2kus,35,SGPNGQCGPGWGGCRGGLCCSQYGYCGSGPKYCAH,CCCCCECECCCECCCCCCEEECCCEEECCHHHCCC,8.571,25.714,65.714
98,2kux,30,GTPCGESCVYIPCISGVIGCSCTDKVCYLN,CEEEEEECCCCCCCCHHHCEEEECCEEEEC,10.0,46.667,43.333
99,2l1q,40,MTPFWRGVSLRPIGASCRDDSECITRLCRKRRCSLSVAQE,CCCCCCCCCCECCCEECCCHHHECCCCEECCEECCCCCCC,7.5,20.0,72.5
100,2l2r,37,GSGRGSCRSQCMRRHEDEPWRVQECVSQCRRRRGGGD,CCCHHHHHHHHHHHHCCCHHHHHHHHHHHHHHHHCCC,75.676,0.0,24.324
101,2l36,24,GIGKALKKAKKGIGAVLKVLTTGL,CHHHHHHHHHHHHHHHHHHHHHCC,87.5,0.0,12.5
102,2l3i,30,GIRCPKSWKCKAFKQRVLKRLLAMLRQHAF,CCCCCHHHHHHHHHHHHHHHHHHHHHHHHC,80.0,0.0,20.0
103,2l5r,23,GLKEIFKAGLGSLVKGIAAHVAS,CHHHHHHHHHHHHHHHHHHHHHC,91.304,0.0,8.696
104,2l96,24,KKLKLAPAKLALLWKALALKLKKA,CCCCCCHHHHHHHHHHHHHHHHHC,70.833,0.0,29.167
105,2l99,24,KKLKLALAKPALLWKALALKLKKA,CCHHHHHHHHHHHHHHHHHHHHHC,87.5,0.0,12.5
106,2l9a,24,KKLKLALAKLAPLWKALALKLKKA,CHHHHHHHHHHHHHHHHHHHHHHC,91.667,0.0,8.333
107,2la2,37,RWKIFKKIEKVGRNVRDGIIKAGPAVAVVGQAATVVK,HHHHHHHHHHHHHHHHHHHHHHHHHHHHHHHHHHHHC,97.297,0.0,2.703
108,2lam,29,GLPTCGETCTLGTCYVPDCSCSWPICMKN,CCCEEEEECCCCCCCCCCEEEECCEEEEC,0.0,44.828,55.172
109,2lb7,44,AQRCGDQARGAKCPNCLCCGKYGFCGSGDAYCGAGSCQSQCRGC,CCECECCCCCECCCCCCEEECCCEEECCCCCCCCCCCCECCCCC,0.0,22.727,77.273
110,2lg4,40,AACSDRAHGHICESFKSFCKDSGRNGVKLRANCKKTCGLC,CCCCECCCCHHHHHHHHHCCCCCHHHHHHHHHECHHHCCC,52.5,5.0,42.5
111,2lg5,36,LFCKGGSCHFGGCPSHLIKVGSCFGFRSCCKWPWNA,CCCCCCEEEECCCCCCCEEEEECCCCEEEEECCCCC,0.0,38.889,61.111
112,2lg6,36,LFCKGGSCHFGGCPSHLIKVGSCFGFRSCCAWPWNA,CCCCCEEEEECCCCCCCEEEEEECCCEEEEECCCCC,0.0,44.444,55.556
113,2lj7,47,KTCENLSDSFKGPCIPDGNCNKHCKEKEHLLSGRCRDDFRCWCTRNC,CEEEEECCCCCCCCCCCCHHHHHHHHHHCCCEEEEECCCEEEEEEEC,21.277,36.17,42.553
114,2ljq,37,KYYGNGVHSTKSGSSVNWGEAFSAGVHRLANGGNGFW,CCCCCCCCCCCCCCCCCHHHHHHHHHHHHHHHHCCCC,43.243,0.0,56.757
115,2ljt,37,KYYGNGVHLTKSGLSVNWGEAFSAGVHRLANGGNGFW,CCCCCCCCCCCCCCCCCHHHHHHHHHHHHHHHHCCCC,43.243,0.0,56.757
116,2lld,40,ATCDLLSGTGVKHSACAAHCLLRGNRGGYCNGRAICVCRN,CCCCCCCCCCHHHHHHHHHHHHHCCCEEEEECCCEEEEEC,32.5,25.0,42.5
117,2lmf,23,LLGDFFRKSKEKIGKEFKRIVQR,HHHHHHHHHHHHHHHHHHHHHHC,95.652,0.0,4.348
118,2ln4,43,VTCDVLSFEAKGIAVNHSACALHCIALRKKGGSCQNGVCVCRN,HHHHHHHCCCCCCCHHHHHHHHHHHHHCCCEEEEECCEEEEEC,46.512,23.256,30.233
119,2lnq,40,DAEFRHDSGYEVHHQKLVFFAENVGSNKGAIIGLMVGGVV,CCCCCCCCCCCCCCCEEEEEECCCCCCCCCEEEEEECCCC,0.0,30.0,70.0
120,2lr3,47,RTCESQSHKFKGPCASDHNCASVCQTERFSGGRCRGFRRRCFCTTHC,CEEEEECCCCCCCCCCHHHHHHHHHHHCCCEEEEECCCCEEEEEEEC,23.404,36.17,40.426
121,2lr5,38,GFGCPFNENECHAHCLSIGRKFGFCAGPLRATCTCGKQ,CCCCCCCHHHHHHHHHHHCCCEEEEECCCCCEEEEECC,28.947,26.316,44.737
122,2lr7,29,RKCNFLCKLKEKLRTVITSHIDKVLRPQG,CCCCHHHHHHHHHHHHHHHHHHHHHCCCC,72.414,0.0,27.586
123,2ls9,25,GWGSFFKKAAHVGKHVGKAALTHYL,CHHHHHHHHHHHHHHHHHHHHHHHC,92.0,0.0,8.0
124,2lsa,23,GIGKFLHSAKKFGKAFVGEIMNS,CHHHHHHHHHHHHHHHHHHHHHC,91.304,0.0,8.696
125,2lt8,42,GFGCPGDAYQCSEHCRALGGGRTGGYCAGPWYLGHPTCTCSF,CCCCCCCHHHHHHHHHHHCCCCCEEEEECCHHHCCCEEEEEC,33.333,23.81,42.857
126,2lxo,44,GIINTLQKYYCRVRGAICHPVFCPRRYKQIGTCGLPGTKCCKKP,CHHHHHHHHHHHHHCCEEEECCCCCCCEEEEECCCCCEEEEECC,29.545,31.818,38.636
127,2m6a,28,ADDRCERMCQRYHDRREKKQCMKGCRYG,HHHHHHHHHHCCCCHHHHHHHHHHHHHC,82.143,0.0,17.857
128,2m8v,33,ADRGWIKTLTKDCPNVISSICAGTIITACKNCA,CCCCCEEEECCCCCCCEEEECCCCCCCCCCCCC,0.0,24.242,75.758
129,2m9o,29,GLPVCGETCTLGTCYTQGCTCSWPICKRN,CCCEEEEECCCCCCCCCCEEEECCEEEEC,0.0,44.828,55.172
130,2mag,23,GIGKFLHSAKKFGKAFVGEIMNS,CHHHHHHHHHHHHHHHHHHHHHC,91.304,0.0,8.696
131,2mbd,27,GLPRKILCAIAKKKGKCKGPLKLVCKC,CCCHHHHHHHHHHHCCCCCHHHHHHCC,62.963,0.0,37.037
132,2mdl,24,TCHIRRKPKFRKFKLYHEGKFWCP,CCEEEEEEEEECCEEEEEEEEECC,0.0,75.0,25.0
133,2mfs,35,CVLIGQRCDNDRGPRCCSGQGNCVPLPFLGGVCAV,CECCCEEECCCCCCCCECCCCEEEECCCCCEEEEC,0.0,37.143,62.857
134,2mhw,27,GIGGVLLSAGKAALKGLAKVLAEKYAN,CHHHHHHHHHHHHHHHHHHHHHHHHHC,92.593,0.0,7.407
135,2mij,37,GLGKAQCAALWLQCASGGTIGCGGGAVACQNYRQFCR,CCCHHHHHHHHHHHHHCCCCCCCHHHHHHHHHHHHHC,70.27,0.0,29.73
136,2mmj,21,GLFGVLAKVAGHVVGAIAEHF,CHHHHHHHHHHHHHHHHHHHC,90.476,0.0,9.524
137,2mmm,36,GGLKKLGKKLEGAGKRVFKASEKALPVVVGIKAIGK,CHHHHHHHHHHHHHHHHHHHHHHHHHHHHHHHHHHC,94.444,0.0,5.556
138,2mmt,21,GGAGHVPEYFVRGDFPISFYG,CCCCCCCHHHCCCCCCCCCCC,14.286,0.0,85.714
139,2mmw,21,GGAGHVPEYFVRGDTPISFYG,CCCCCCCHHHCCCCCCCCCCC,14.286,0.0,85.714
140,2mn1,30,GLPVCGETCVGGTCNTPGCTCSWWPVCTRN,CCCEEEEECCCCCCCCCCEECCCCCEEEEC,0.0,36.667,63.333
141,2mvx,39,DAEFRHDSGYEVHHQKLVFFADVGSNKGAIIGLMVGGVV,CCCCCCCCCCCCCCCCCCCCCCCCCCCCCCCCCCCCCCC,0.0,0.0,100.0
142,2mwt,34,KRFKKFFKKVKKSVKKRLKKIFKKPMVIGVTIPF,HHHHHHHHHHHHHHHHHHHHHHHCCCHHHHHCCC,82.353,0.0,17.647
143,2n1c,23,FEDLPNFGHIQVKVFNHGEHIHH,CCCCCHHHHHHHHHHHHHHCCCC,60.87,0.0,39.13
144,2n1e,20,VKVKVKVKVPPTKVKVKVKV,CEEEEEEEECCEEEEEEEEC,0.0,80.0,20.0
145,2n30,23,FEDLPNFGHIQVKVFNHGEHIHH,CCCCCHHHHHHHHHHHHHHCCCC,60.87,0.0,39.13
146,2n4k,43,KYYGNGVSCNKKGCSVDWGKAIGIIGNNAAANLTTGGKAGWKG,CECCCCEEEECCEEEECHHHHHHHHHHHHHHHHHHCCCCCCCC,41.86,20.93,37.209
147,2n92,31,SWLSKTAKKLENSAKKRISEGIAIAIQGGPR,CHHHHHHHHHHHHHHHHHHHHHHHHHHCCCC,83.871,0.0,16.129
148,2na5,34,IKPEAPGEDASPEELNRYYASLRHYLNLVTRQRY,CCCCCCCCCCCHHHHHHHHHHHHHHHHHHHCCCC,55.882,0.0,44.118
149,2ncx,24,GLNALKKVFQGIHEAIKLINNHVQ,HHHHHHHHHHHHHHHHHHHHHHHC,95.833,0.0,4.167
150,2ncy,24,GLNALKKVFQPIHEAIKLINNHVQ,HHHHHHHHHHHHHHHHHHHHHHHC,95.833,0.0,4.167
151,2nlb,36,DHYACVSSGGQCLYSACPIFTKIQGTCYRGKAKCCK,HHHHHHHHCCEEECCCCCCCCCEEEEEHHHCEEEEC,30.556,33.333,36.111
152,2nlc,36,DHYNCVSAGGQCLYSACPIFTKIQGTCYRGKAKCCK,HHHHHHHHCCEEECCCCCCCCCEEEEEHHHCEEEEC,30.556,33.333,36.111
153,2nld,36,DHYNCVSSGGACLYSACPIFTKIQGTCYRGKAKCCK,HHHHHHHHCCEEECCCCCCCCCEEEEEHHHCEEEEC,30.556,33.333,36.111
154,2nle,36,DHYNCVSSGGQCAYSACPIFTKIQGTCYRGKAKCCK,HHHHHHHHCCEEECCCCCCCCCEEEEEHHHCEEEEC,30.556,33.333,36.111
155,2nlf,36,DHYNCVSSGGQCEYSACPIFTKIQGTCYRGKAKCCK,HHHHHHHHCCEEECCCCCCCCCEEEEEHHHCEEEEC,30.556,33.333,36.111
156,2nlg,36,DHYNCVSSGGQCLYSACPIFTEIQGTCYRGKAKCCK,HHHHHHHHCCEEECCCCCCCCCEEEEEHHHCEEEEC,30.556,33.333,36.111
157,2nlh,36,DHYNCVSSGGQCLYSACPIFTKIAGTCYRGKAKCCK,HHHHHHHHCCEEECCCCCCCCCEEEEEHHHCEEEEC,30.556,33.333,36.111
158,2nlp,36,DHYNCVSSGGQCLYSACPIFTKIEGTCYRGKAKCCK,HHHHHHHHCCEEECCCCCCCCCEEEEEHHHCEEEEC,30.556,33.333,36.111
159,2nlq,36,DHYNCVSSGGQCLYSACPIFTKIQGTCYRGAAKCCK,HHHHHHHHCCEEECCCCCCCCCEEEEEHHHCEEEEC,30.556,33.333,36.111
160,2nls,36,DHYNCVSSGGQCLYSACPIFTKIQGTCYRGEAKCCK,HHHHHHHHCCEEECCCCCCCCCEEEEEHHHCEEEEC,30.556,33.333,36.111
161,2ny8,40,ATCDLASGFGVGSSLCAAHCIARRYRGGYCNSKAVCVCRN,HHHHHHHHHCHHHHHHHHHHHHHCCCEEEEECCCEEEEEC,55.0,25.0,20.0
162,2nz3,40,ATCDLASIFNVNHALCAAHCIARRYRGGYCNSKAVCVCRN,CCCCCCCCCCHHHHHHHHHHHHHCCCEEEEECCCEEEEEC,32.5,25.0,42.5
163,2ojn,22,FFHHIFRPIVHVGKTIHRLVTG,HHHHHHHHHHHHHHHHHHHHHC,95.455,0.0,4.545
164,2ojo,22,FFHHIFRAIVHVAKTIHRLVTG,HHHHHHHHHHHHHHHHHHHHHC,95.455,0.0,4.545
165,2oon,36,YPAKPEAPGEDASAEELSRYYASLRHYLNLVTRQRY,CCCCCCCCCCCCCHHHHHHHHHHHHHHHHHHHCCCC,52.778,0.0,47.222
166,2oop,36,YPAKPEYPGEDASPEELSRYYASLRHYLNLVTRQRY,CCCCCCCCCCCCCHHHHHHHHHHHHHHHHHHHCCCC,52.778,0.0,47.222
167,2pco,26,SMWSGMWRRKLKKLRNALKKKLKGEK,CHHHHHHHHHHHHHHHHHHHHHHHHC,92.308,0.0,7.692
168,2plz,36,DHYNCVSSGGQCLYSACPIFTRIQGTCYRGRARCCR,HHHHHHHHCCEEECCCCCCCCCEEEEEHHHCEEEEC,30.556,33.333,36.111
169,2pm1,30,ACYCRIPACIAGEAAYGTCIYQGALWAFCC,CCEEECCCCCCCCCEEEEEEECCEEEEEEC,0.0,53.333,46.667
170,2pm4,30,DCYCRIPACIAGEKKYGTCIYQGKLWAFCC,CCEEECCCCCCCCCEEEEEEECCEEEEEEC,0.0,53.333,46.667
171,2pm5,30,DCYCRIPACIAGEAAYGTCIYQGALWAFCC,CCEEECCCCCCCCCEEEEEEECCEEEEEEC,0.0,53.333,46.667
172,2po8,34,CPKILKKCRRDSDCPGACICRGNGYCGSGSDGGV,CCCCCEECCCHHHCCCCEEEECCCEEEECCCCCC,8.824,29.412,61.765
173,2pv6,22,ELDKWASLWNWFNITNWLWYIK,HHHHHHHHHHHHHHHHHHHHHC,95.455,0.0,4.545
174,2v9b,46,KSCCPNTTGRDIYNTCRLGGGSRERCASLSGCKIISASTCPSDYPK,CEECCCHHHHHHHHHHHHHCCCHHHHHHHHCCEECCCCCCCCCCCC,45.652,8.696,45.652
175,3c8p,46,KSCCPSTTGRNIYNTCRLTGSSRETCAKLSGCKIISASTCPSNYPK,CEECCCHHHHHHHHHHHHHCCCHHHHHHHHCCEECCCCCCCCCCCC,45.652,8.696,45.652
176,3e4h,29,CGETCTLGTCYTAGCSCSWPVCTRNGVPI,CCCECCCCCCCCCCCEEECCEEEECCECC,0.0,31.034,68.966
177,3h6c,30,ACYCRIPACIAGERRYGTCIYAGRLWAFCC,CCEEECCCCCCCCCEEEEEEECCEEEEEEC,0.0,53.333,46.667
178,3hj2,33,CGGACYCRIPACIAGERRYGTCIYQGRLWAFCC,CCCCCEEECCCCCCCCCEEEEEEECCEEEEEEC,0.0,48.485,51.515
179,3lo1,30,ACYCRIPACIAGERRAGTCIYQGRLWAFCC,CCEEECCCCCCCCCEEEEEEECCEEEEEEC,0.0,53.333,46.667
180,3lo2,30,ACYCRIPACIAGERRYGTCIAQGRLWAFCC,CCEEECCCCCCCCCEEEEEEECCEEEEEEC,0.0,53.333,46.667
181,3lo4,30,ACYCRIPACIAGERRYGTCIYQGALWAFCC,CCEEECCCCCCCCCEEEEEEECCEEEEEEC,0.0,53.333,46.667
182,3loe,30,ACYCRIPACIAGERRYGTCIYQGRLWAACC,CCEEECCCCCCCCCEEEEEEECCEEEEEEC,0.0,53.333,46.667
183,3lvx,30,ACYCRAPACIAGERRYGTCIYQGRLWAFCC,CCEEECCCCCCCCCEEEEEEECCEEEEEEC,0.0,53.333,46.667
184,3ngg,50,KDRPKKPGLCPPRPQKPCVKECKNDDSCPGQQKCCNYGCKDECRDPIFVG,CCCCCCCCECCCCCCCCCCECCCCHHHCCCCCEEEECCCCEEEECCECCC,6.0,22.0,72.0
185,3psm,47,KTCENLADTFRGPCFTDGSCDDHCKNKEHLIKGRCRDDFRCWCTRNC,CEEEEECCCCCCCCCCHHHHHHHHHHHHCCCEEEEECCCEEEEEEEC,25.532,36.17,38.298
186,4du0,30,ACYCRIPACIAGERRYATCIYQGRLWAFCC,CCEEECCCCCCCCCEEEEEEECCEEEEEEC,0.0,53.333,46.667
187,4lb1,30,ACYCRIPACIAGERRAGTCIYQGRLWAACC,CCEEECCCCCCCCCEEEEEEECCEEEEEEC,0.0,53.333,46.667
188,4lb7,30,ACYCRIPACIAGERRAGTCAYQGRAWAACC,CCEEECCCCCCCCCEEEEEEECCEEEEEEC,0.0,53.333,46.667
189,4lbb,30,ACYCRIPACIAGERRYGTCAYQGRLWAFCC,CCEEECCCCCCCCCEEEEEEECCEEEEEEC,0.0,53.333,46.667
190,4lbf,30,ACYCRIPACIAGERRYGTCAYQGRAWAFCC,CCEEECCCCCCCCCEEEEEEECCEEEEEEC,0.0,53.333,46.667
191,4ozk,49,ACQCPDAISGWTHTDYQCHGLENKMYRHVYAICMNGTQVYCRTEWGSSC,CCCCCCCEEEEEECCCEEECCCCEEEEEEEEEECCCCEEEEEEEEEEEC,0.0,61.224,38.776
192,4ttn,29,GLPVCAETCVGGTCNTPGCTCSWPVCTRN,CCCEEEEECCCCCCCCCCCEEECCEEECC,0.0,37.931,62.069
193,4tto,29,GLPVCGETCVGGTCNTPGCTCSWPACTRN,CCCEEEEECCCCCCCCCCCEEECCEEECC,0.0,37.931,62.069
194,5cgo,23,GIGKFLHAAKKFGKAFVAEIMNS,CHHHHHHHHHHHHHHHHHHHHHC,91.304,0.0,8.696
195,5gwg,31,LRVRRTLQCSCRRVCRNTCSCIRLSRSTYAS,CCCCCEEEEEEECCCCCEEEEEEECCCCCCC,0.0,45.161,54.839
196,5h2s,25,FIHHIIGGLFSAGKAIHRLIRRRRR,HHHHHHHHHHHHHHHHHHHHHHHHC,96.0,0.0,4.0
197,5j6t,18,IFGAIWPLALGALKNLIK,CCCHHHHHHHHHHHHHHC,77.778,0.0,22.222
198,5j6v,19,DIFGAIWPLALGALKNLIK,CCHHHHHHHHHHHHHHHHC,84.211,0.0,15.789
199,5j6w,19,KIFGAIWPLALGALKNLIK,HHHHHHHHHHHHHHHHHHC,94.737,0.0,5.263
200,5khb,21,MGIIAGIIKVIKSLIEQFTGK,HHHHHHHHHHHHHHHHHHHCC,90.476,0.0,9.524
201,5lcs,47,QPFIPRPIDTCRLRNGICFPGICRRPYYWIGTCNNGIGSCCARGWRS,CCCCCCCCCHHHHHCEEEECCCCCCCEEEEEEEHHHCEEEEEECCCC,17.021,36.17,46.809
202,5lm0,28,ADDRCYRMCQRYHDRREKKQCKEGCRYG,HHHHHHHHHHCCCCHHHHHHHHHHHCCC,75.0,0.0,25.0
203,5m9u,21,RWCVYAYRRVRGVLVRYRRCW,CCEEEEEEEECCEEEEEEEEC,0.0,76.19,23.81
204,5nce,50,RMCKTPSGKFKGYCVNNTNCKNVCRTEGFPTGSCDFHVAGRKCYCYKPCP,CEEEEECCCCCCCCCCHHHHHHHHHHHCCCEEEEEEECCEEEEEEEEECC,22.0,42.0,36.0
205,5ujr,33,WGWKEVVQNGQTIFSAGQKLGNMVGKIVPLPFG,CHHHHHHHHHHHHHHHHHHHHHHHHHHCCCCCC,78.788,0.0,21.212
206,5ukz,44,KYYGNGVTCGKHSCSVDWGKATTCIINNGALAWATGGHQGNHKC,CEECCCEEECCCCEEECHHHHHHHHHHHHHHHHHHCCCCCCCCC,40.909,18.182,40.909
207,5v0y,21,GFCWYVCVYRNGVRVCYRRCN,CCEEEEEEEECCEEEEEEEEC,0.0,76.19,23.81
208,5v11,21,GFCWYVCARRNGARVCYRRCN,CCEEEEEEEECCEEEEEEEEC,0.0,76.19,23.81
209,5wov,34,GGVCPKILQRCRRDSDCPGACICRGNGYCGSGSD,CCCCCCCCEECCCHHHCCCCEEEECCCEEEECCC,8.824,29.412,61.765
210,5wow,39,GGVCPKILQRCRRDSDCPGACICRGNGYCGYPYDVPDYA,CCCCCCCCEECCCHHHCCCCCEEECCCEEECCCCCCCCC,7.692,20.513,71.795
211,5x3l,20,GLGSVFGRLARILGRVIPKV,CHHHHHHHHHHHHHHHHCCC,80.0,0.0,20.0
212,5xa6,38,GFGCPFNQGKCHRHCRSIRRRGGYCDGFLKQRCVCYRK,CCCCCCCHHHHHHHHHHHCCCEEEEECCCCCEEEEECC,28.947,26.316,44.737
213,5xol,21,GSKKPVPIIYCNAATGKCQRM,CCCCCCCCEEEECCCCEEEEC,0.0,38.095,61.905
214,5y0h,21,GFAWNVCVYRNGVRVCHRRAN,CCEEEEEEEECCEEEEEEEEC,0.0,76.19,23.81
215,5y0i,21,GFCWNVCVYRNGVRVCHRRCN,CCEEEEEEEECCEEEEEEEEC,0.0,76.19,23.81
216,5y0j,21,AFCWNVCVYRNAVRVCHRRCN,CCEEEEEEEECCEEEEEEEEC,0.0,76.19,23.81
217,5z1y,21,NLCASLRARHTIPQCRKFGRR,CHHHHHHHHHCCCCCCCCCCC,42.857,0.0,57.143
218,5zv6,30,AGECVRGRCPGGLCCSKFGFCGSGPAYCGG,CCECECCECCCCCEEECCCEEECCCCCCCC,0.0,30.0,70.0
219,6b55,48,ARECKTESNTFPGICITKPPCRKACISEKFTDGHCSKILRRCLCTKPC,CCEEEEECCCCCCCCCCHHHHHHHHHHHCCCEEEECCCCCCEEEEEEC,22.917,31.25,45.833
220,6b9w,34,GSACQFWSCNSSCISRGYRQGYCWGIQYKYCQCQ,CCCCCHHHHHHHHHHHCCCCEEEECCCCCEEEEC,32.353,23.529,44.118
221,6bam,34,GSACQFWSCNSSCISRGYRQGKCWGIQYKYCQCQ,CCCCCHHHHHHHHHHHCCCCEEEECCCCCEEEEC,32.353,23.529,44.118
222,6bb6,34,GMACQFWSCNSSCISRGYRQGKCWGIQYKYCQCY,CCCCCHHHHHHHHHHHCCCCEEEECCCCCEEEEC,32.353,23.529,44.118
223,6bi5,31,GMACQFWSCNSSCISRGYRQGKCWGKYCQCY,CCCCCHHHHHHHHHHHCCCCEEEECCEEEEC,35.484,25.806,38.71
224,6c41,23,VFQFLGKIIHHVGNFVHGFSHVF,HHHHHHHHHHHHHHHHHHHHHHC,95.652,0.0,4.348
225,6cl3,24,IWLTALKFLGKNLGKLAKQQLAKL,HHHHHHHHHHHHHHHHHHHHHHHC,95.833,0.0,4.167
226,6dhr,29,GLPICGETCLLGKCYTPGCSCRRPVCYKN,CCCEEEEECCCCCCCCCCEEEECCEEEEC,0.0,44.828,55.172
227,6dmm,33,VCSCRLVFCRRTELRVGNCLIGAVSFTYCCTRV,CEEEECCCCCCCEEEEEEEEECCEEEEEEEECC,0.0,63.636,36.364
228,6dmq,33,VCSCRLVFCRRTELRVGNCLIGGVSFAYCCTRV,CEEEEECCCCCCEEEEEEEEECCEEEEEEEECC,0.0,66.667,33.333
229,6dmz,47,RTCQSQSHRFRGPCLRRSNCANVCRTEGFPGGRCRGFRRRCFCTTHC,CEEEEECCCCCCCCCCHHHHHHHHHHHCCCEEEEECCCCEEEEEEEC,23.404,36.17,40.426
230,6dst,26,GIGAVLKVLTTGLPALISWIKRKRQQ,CHHHHHHHHHHHHHHHHHHHHHHHHC,92.308,0.0,7.692
231,6duu,19,FLPIIINLKALAALAKKIL,HHHHHHHHHHHHHHHHHHC,94.737,0.0,5.263
232,6e3y,37,ACDTATCVTHRLAGLLSRSGGVVKNNFVPTNVGSKAF,CCCHHHHHHHHHHHHHHHHHCCCCCCCCCCCCCCCCC,45.946,0.0,54.054
233,6fs4,31,TKLTEEEKNRLNFLKKISQRYQKFALPQYLK,CCCCHHHHHHHHHHHHHHHHHHHHHHHHHHC,83.871,0.0,16.129
234,6hz2,27,GIGGKILSGLKTALKGAAKELASTYLH,CHHHHHHHHHHHHHHHHHHHHHHHHHC,92.593,0.0,7.407
235,6k50,40,GFGCNGPWNEDDLRCHNHCKSIKGYKGGYCAKGGFVCKCY,CCCECCCCCECHHHHHHHHHHCCCCCCEEEEHHHCEEEEC,32.5,25.0,42.5
236,6k51,40,GFGCNGPWQEDDLKCHNHCKSIKGYKGGYCAKGGFVCKCY,CCCECCCCCECHHHHHHHHHHCCCCCCEEEECCCCEEEEC,25.0,25.0,50.0
237,6kra,33,RRTCRCRFGRCFRRESYSGSCNINGRIFSLCCR,CCCEEEECCCCCCCCEEEEEEEECCEEEEEEEC,0.0,57.576,42.424
238,6lwy,49,ACQCPDAISGWTHTDYQCHGLEKKMYRHVYAICMNGSQVYCRTEWGSSC,CCCCCCCEEEEEECCCEEECCCCEEEEEEEEEECCCCEEEEEEEEEEEC,0.0,61.224,38.776
239,6mry,48,ARQCKAESNTFTGICIAKPPCRQACIREKFTDGHCSKVLRRCLCTKRC,CCEEEEECCCCCCCCCCHHHHHHHHHHHCCCEEEECCCCCCEEEEEEC,22.917,31.25,45.833
240,6nom,47,KTCENLSGTFKGPCIPDGNCNKHCRNNEHLLSGRCRDDFRCWCTNRC,CEEEEECCCCCCCCCCCCHHHHHHHHHHCCCEEEECCCCCEEEEEEC,21.277,31.915,46.809
241,6o8j,25,AGKETIRQYLKNEIKKKGRKAVIAW,CHHHHHHHHHHHHHHHHHHHHHHHC,92.0,0.0,8.0
242,6o8p,25,AGKEKIRKKLKNEIKKKGRKAVIAW,CHHHHHHHHHHHHHHHHHHHHHHHC,92.0,0.0,8.0
243,6o8r,25,AWKEKIRKKLKNEIKKKGRKAVIAW,HHHHHHHHHHHHHHHHHHHHHHHHC,96.0,0.0,4.0
244,6o8s,25,AGKEKIRKKLKNEIKKKWRKAVIAW,HHHHHHHHHHHHHHHHHHHHHHHHC,96.0,0.0,4.0
245,6o8t,25,AWKEKIRKKLKNEIKKKWRKAVIAW,HHHHHHHHHHHHHHHHHHHHHHHHC,96.0,0.0,4.0
246,6r2x,25,FETLRGDERILSILRHQNLLKELQD,CHHHHHHHHHHHHHHHHHHHHHHHC,92.0,0.0,8.0
247,6rsf,25,GWGSFFRRAAHVGRHVGRAALTHYL,CHHHHHHHHHHHHHHHHHHHHHHHC,92.0,0.0,8.0
248,6rsg,25,GWGSFFKKAAHAGKHAGKAALTHYL,CHHHHHHHHHHHHHHHHHHHHHHHC,92.0,0.0,8.0
249,6ry9,26,GRRKRKWLRRIGKGVKIIGGAALDHL,CHHHHHHHHHHHHHHHHHHHHHHHHC,92.308,0.0,7.692
250,6ryq,20,WLRRIGKGVKIIGGAALDHL,HHHHHHHHHHHHHHHHHHHC,95.0,0.0,5.0
251,6rz1,24,FLGALIKGAIHGGRFIHGMIQNHH,HHHHHHHHHHHHHHHHHHHHHHHC,95.833,0.0,4.167
252,6rzc,25,GWGSIFKHGRHAAKHIGHAAVNHYL,CHHHHHHHHHHHHHHHHHHHHHHHC,92.0,0.0,8.0
253,6s2d,24,GKGRWLERIGKAGFIIIGGALDHL,HHHHHHHHHHHHHHHHHHHHHHHC,95.833,0.0,4.167
254,6vpn,47,KTCENLADTYKGPCFTTGSCDDHCKNKEHLRSGRCRDDFRCWCTKNC,CEEEEECCCCCCCCCCHHHHHHHHHHHHCCCEEEEECCCEEEEEEEC,25.532,36.17,38.298
255,6wpo,25,GIGDILKNLAKAAGKAALHAVGESL,CHHHHHHHHHHHHHHHHHHHHHHHC,92.0,0.0,8.0
256,7c2p,47,RTCESQSHKFKGPCLRASNCANVCKTEGFHGGKCRGFRRRCFCTKHC,CEEEEECCCCCCCCCCHHHHHHHHHHHCCCEEEEECCCCEEEEEEEC,23.404,36.17,40.426
257,7c31,47,RVCESQSHKFEGACMGDHNCALVCRNEGFSGGKCKGLRRRCFCTKLC,CEEEEECCCCCCCCCCHHHHHHHHHHHCCCEEEEECCCCEEEEEEEC,23.404,36.17,40.426
258,7k7x,29,GLPVCGETCVGGTCNTPGCVCSWPVCTRN,CCCEEEEECCCCCCCCCCCEEECCEEECC,0.0,37.931,62.069
259,7kpd,29,AIPCGESCVYIPCISVVIGCSCRNKVCYR,CCEEEEECCCCCCCCHHHCCEEECCEEEC,10.345,37.931,51.724
260,7ns1,31,MITISTMLQFGLFLIALIGLVIKLIELSNKK,CCCHHHHHHHHHHHHHHHHHHHHHHHHHHHC,87.097,0.0,12.903
