peptide_ID,peptide_sequence,secondary_structure,helix%,sheet%,coil%,len
1avf,AVVKVPLKKFKSIRETMKEKGLLGEF,CCCCCCCHHHHHHHHHHHHHHCHCCC,50,0,50,26
1bh4,CGESCVWIPCISAALGCSCKNKVCYRNGIP,CCCECCCCCCCHHHHCCCEECCEECCCCCC,13.33,16.67,70,30
1bk8,LCNERPSQTWSGNCGNTAHCDKQCQDWEKASHGACHKRENHWKCFCYFNC,CCEEECCCCCCCCCCCHHHHHHHHHCCCCCCEEEEEEECCEEEEEEEECC,18,36,46,50
1bnb,APLSCGRNGGVCIPIRCPVPMRQIGTCFGRPVKCCRSW,CCCCCCCCCCEEEECCCCCCCEEEEEECCCCEEEEECC,0,39.47,60.53,38
1cix,YSRCQLQGFNCVVRSYGLPTIPCCRGLTCRSYFPGSTYGRCQRY,CCCCCCCCEEECCCCCCCCCCCCCCCCEEEECCCCCCCEEEECC,0,25,75,44
1cw5,VNYGNGVSCSKTKCSVNWGQAFQERYTAGINSFVSGVASGAGSIGRRP,CCCCCCCCCCCCCCCCCHHHHHHHHHHHHHHHHHHHHHHHHCCCCCCC,50,0,50,48
1cz6,RSVCRQIKICRRRGGCYYKCTNRPY,CCCCCEEEECCCCCCCEEEECCCCC,0,26.67,73.33,25
1dfn,DCYCRIPACIAGERRYGTCIYQGRLWAFCC,CCEEECCCCCCCCCEEEEEEECCEEEEEEC,0,53.33,46.67,30
1dkc,AGCIKNGGRCNASAGPPYCCSSYCFQIAGQSYGVCKNR,CCCCCCCEEECCCCCCCCCCCCEEEEECCCCEEEEECC,0,34.21,65.79,38
1dum,GIGKYLHSAKKFGKAWVGEIMNS,CCCCCCCCHHHHHHHHHHHECCC,36.67,3.33,60,23
1e4q,PVTCLKSGAICHPVFCPRRYKQIGTCGLPGTKCCKKP,CCCCCCCCCEEEECCCCCCCEEEECCCCCCEEEEECC,0,35.14,64.86,37
1f8p,YPSKPDNPGEDAPAEDLARYYSALRHYINLITRQRY,CCCCCCCCCCCCCCCCHHHHHHHHHHHHHHHHHHHC,52.78,0,47.22,36
1fjn,GFGCPNNYQCHRHCKSIPGRCGGYCGGWHRLRCTCYRCG,CCCCCCHHHHHHHHHHCCCCCEEEECCCCCCCEEEECCC,25.64,20.51,53.85,39
1fry,RGLRRLGRKIAHGVKKYGPTVLRIIRIAG,CCCCCCCCCCCCCCCCCCCCCCCCCHHCC,6.67,0,93.33,29
1fvn,YPSKPDNPGEDAPAEDLARYYSALRHYINLAARQRY,CCCCCCCCCCCCCCCCHHHHHHHHHHHHHHHHCCCC,44.44,0,55.56,36
1i2u,DKLIGSCVWGAVNYTSDCNGECKRRGYKGGHCGSFANVNCWCET,CEEEEECCCCCCCECCCHHHHHHHCCCCEEEEECCCCCEEEEEC,15.91,36.36,47.73,44
1i2v,DKLIGSCVWGAVNYTSDCNGECLLRGYKGGHCGSFANVNCWCET,CEEEEECCCCCCCECCCHHHHHHHCCCCEEEEECCCCCEEEEEC,15.91,36.36,47.73,44
1ica,ATCDLLSGTGINHSACAAHCLLRGNRGGYCNGKGVCVCRN,CCCCCCCCCCCCCHHHHHHHHHHCCCEEEECCCCCEECEC,25,17.5,57.5,40
1icy,YPSKPDNPGEDAPAEDLARYYSALRHYINLAPRQRY,CCCCCCCCCCCCCCCCHHHHHHHHHHHHCCCCCCCC,33.33,0,66.67,36
1iyc,ELPKLPDDKVLIRSRSNCPKGKVWNGFDCKSPFAFS,CCCCCCCCCCCCCCCCCCCCCCEEECCEEECHHHCC,8.33,16.67,75,36
1jkz,KTCEHLADTYRGVCFTNASCDDHCKNKAHLISGTCHNWKCFCTQNC,CEEEEECCCCCCCCCCHHHHHHHHHHHCCCCCEEEECCEEEEEEEC,23.91,34.78,41.3,46
1jmn,KSCCPNTTGRNIYNTCRFGGGSRQVCASLSGCKIISASTCPSDYPK,CEECCCHHHHHHHHHHHCCCCCCHHHHHHHCCEECCCCCCCCCCCC,39.13,8.7,52.17,46
1jmp,KSCCPNTTGRNIYNTCRLGGGSRERCASLSGCKIISASTCPSDYPK,CEECCCHHHHHHHHHHHHCCCCHHHHHHHHCCEECCCCCCCCCCCC,43.48,8.7,47.83,46
1kj6,GIINTLQKYYCRVRGGRCAVLSCLPKEEQIGKCSTRGRKCCRRKK,CCCCCCCCCHHHHHCCEEECCCCCCCEEEEECCCCCCCEEEEECC,11.11,28.89,60,45
1kv4,AKIPIKAIKTVGKAVGKGLRAINIASTANDVFNFLKPKKRKA,CCCCHHHHHHHHHHHHHHHHHHHHHHHHHHHHHHCCCCCCCC,71.43,0,28.57,42
1l4v,ATCDLLSGTGINHSACAAHCLLRGNRGGYCNGKAVCVCRN,CCCCCCCCCCCCCHHHHHHHHHHCCCEEEEECCCEEEEEC,25,25,50,40
1lfc,FKCRRWQWRMKKLGAPSITCVRRAF,CECCCCEEECCCCCCCEEECCCECC,0,26.67,73.33,25
1lu8,GCLEFWWKCNPNDDKCCRPKLKCSKLFKLCNFSF,CCCCCCCECCCCCCCECCCCEEEECCCCEEEECC,0,29.41,70.59,34
1lv4,SSMKLSFRARAYGFRGPGPQL,CCCCCCCCCCCCCCCCCCCCC,0,0,100,21
1lyp,GLRKRLRKFRNKIKEKLKKIGQKIQGLLPKLA,CHHHHHHHHHHHHHHHHHHHHHHHHHHHHHHC,93.75,0,6.25,32
1m4e,ICIFCCGCCHRSKCGMCCKT,CCEEEECCCCCCCEEEEECC,0,30,70,20
1mm0,ACNFQSCWATCQAQHSIYFRRAFCDRSQCKCVFVRG,CCCHHHHHHHHHHHCCCCEEEEEEECCEEEEEECCC,30.56,36.11,33.33,36
1mmc,VGECVRGRCPSGMCCSQFGYCGKGPKYCGR,CCECCCCCCCCCCEECCCCEEECCHHHHCC,13.33,20,66.67,30
1myn,DCLSGRYKGPCAVWDNETCRRVCKEEGRSSGHCSPSLKCWCEGC,CEECCCCCCCCCCCCHHHHHHHHHHHCCCEEEECCCCCEEEECC,25,22.73,52.27,44
1ohm,KYYGNGVHCGKHSCTVDWGTAIGCIGNNAAANWATGGNAGWNKC,CECCCCEECCCCCCCCCCHHHHHHHHHHHHHHCCCCCCCCCCCC,31.82,6.82,61.36,44
1orx,VCGETCVGGTCNTPGCTCSWPVCT,CCCCECCCCCCCCCCCEEECCEEE,0,23.33,76.67,24
1ozz,DKLIGSCVWGAVNYTSNCNAECKRRGYKGGHCGSFANVNCWCET,CEEEEECCCCCCCECCCHHHHHHHCCCCEEEEECCCCCEEEEEC,15.91,36.36,47.73,44
1p00,DKLIGSCVWGAVNYTSNCRAECKRRGYKGGHCGSFANVNCWCET,CEEEEECCCCCCCECCCHHHHHHHCCCCEEEEECCCCCEEEEEC,15.91,36.36,47.73,44
1p0a,DKLIGSCVWGAVNYTSNCNAECKRRGYKGGHCGSFLNVNCWCET,CEEEEECCCCCCCECCCHHHHHHHCCCCEEEECCCCCCEEEEEC,15.91,34.09,50,44
1p0g,AKKVFKRLEKLFSKIQNDK,CCCCHHHHHHHHHHHHCCC,40,0,60,19
1p0l,AKKVFKRLEKLFSKIWNDK,CCCCHHHHHHHHHHHHCCC,40,0,60,19
1p0o,AKKVFKRLEKLFSKIWNWK,CCCCHHHHHHHHHHHHCCC,40,0,60,19
1p5k,AKKVFKRLEKSFSKIQNDK,CCCCHHHHHHHHHHHHCCC,40,0,60,19
1p5l,AKKVSKRLEKLFSKIQNDK,CCCCHHHHHHHHHHHHCCC,40,0,60,19
1pxq,NKGCATCSIGAACLVDGPIPDFEIAGATGLFGLWG,CCCCCCCCCCCCCCCCCCCCCCCCCCCCHHHCHCC,11.43,0,88.57,35
1q3j,CIKNGNGCQPNGSQGNCCSGYCHKQPGWVAGYCRRK,CCCCCCEEECCCCCCCCCCCCEECCCCCCCEEECCC,0,22.22,77.78,36
1ron,YPSKPDNPGEDAPAEDMARYYSALRHYINLITRQRY,CCCCCCCCCCCCHHHHCHHHHHHHHHHHHHHHHHHC,61.11,0,38.89,36
1s6w,GCRFCCNCCPNMSGCGVCCRF,CCEEECCCCCCCCCCEEEEEC,0,26.67,73.33,21
1ti5,RTCMIKKEGWGKCLIDTTCAHSCKNRGYIGGNCKGMTRTCYCLVNC,CCEEEECHHHCCCCCCHHHHHHHHHHHCCEEEEECCCCEEEEEECC,30.43,32.61,36.96,46
1tyk,GCLEFWWKCNPNDDKCCRPKLKCSKLFKLCNFSF,CCCCCCCECCCCCCCECCCCEEEECCCCEEEECC,0,29.41,70.59,34
1tz4,YPSKPDNPGEDAPAEDLAQYAADLRHYINLITRQRY,CCCCCCCCCCCCCCCCHHHHHHHHHHHHHHHHHHHC,52.78,0,47.22,36
1u0i,EIAALEKEIAALEKEIAALEK,CHHHHHHHHHHHHHHHHHHHC,63.33,0,36.67,21
1ut3,SFGLCRLRRGFCARGRCRFPSIPIGRCSRFVQCCRRVW,CCCCCCCCCCEEECCCCCCCEEEEEECCCCCEEEEECC,0,36.84,63.16,38
1vb8,CAESCVWIPCTVTALLGCSCSNKVCYNGIP,CCCCCCCCCCCCCHHHCCEECCCEEECCCC,10,16.67,73.33,30
1w9n,ASIVKTTIKAAKKLCRGFTLTCGCHFTGKK,CCECHCHHHHHHCEECCCCEECCEECCCCC,23.33,23.33,53.33,30
1x22,GKIPVKAIKKAGAAIGKGLRAINIASTAHDVYSFFKPKHKKK,CCCCHHHHHHHHHHHHHHHHHHHHHHHHHHHHHHHCCCCCCC,73.81,0,26.19,42
1xv3,HSSGYTRPLRKPSRPIFIRPIGCDVCYGIPSSTARLCCFRYGDCCHL,CCCCCCCCCCCCCCCCCCCCCCCCCCCCCCHHHHHHHHHCCCCCCCC,19.15,0,80.85,47
1ytr,KSSAYSLQMGATAIKQVKKLFKKWGW,CCCCCCCCCCCHHHHHHHHHHCCCCC,33.33,0,66.67,26
1z64,GWGSFFKKAAHVGKHVGKAALTHYL,CHHHHHHHHHHHHHHHHHHHCHHHH,76.67,0,23.33,25
1zmm,VCSCRLVFCRRTELRVGNCLIGGVSFTYCCTRV,CEEEECCCCCCCCEEEEEEEECCEEEEEEECCC,0,57.58,42.42,33
1znt,VGECVRGRCPSGMCCSQFGFCGKGPKYCGR,CCECCCCCCCCCCEECCCCEEECCHHHHCC,13.33,20,66.67,30
1zrx,RGFRKHFNKLVKKVKHTISETAHVAKDTAVIAGSGAAVVAAT,CCCHHHHHHHHHHHHHHHHHHHCHHHHCCCCHHHCHHHHHHC,76.19,0,23.81,42
1zuv,VGECVRGRCPSGMCCSQWGYCGKGPKYCGR,CCECCCCCCCCCCEECCCCEEECCHHHHCC,13.33,20,66.67,30
1zwu,VGECVRGRCPSGMCCSQAGYCGKGPKYCGR,CCECCCCCCCCCCEECCCCEEECCHHHHCC,13.33,20,66.67,30
2a2b,ARSYGNGVYCNNKKCWVNRGEATQSIIGGMISGWASGLAGM,CCCCCCCCECCCCCCCCCHHHHHHCCCCHHHHHHHHHHHCC,41.46,2.44,56.1,41
2amn,RVKRVWPLVIRTVIAGYNLYRAIKKK,CCCCCCCCHHHHHHHHHCCCHHHHHC,46.67,0,53.33,26
2b5k,RRWCFRVCYRGRFCYRKCR,CCCCCCEECCCCCEECEEC,0,20,80,19
2b68,GFGCPGNQLKCNNHCKSISCRAGYCDAATLWLRCTCTDCNGKK,CCCCCCCCHHHHHHHHHHCCCEEECCCCCCCCCCEEECCCCCC,23.26,13.95,62.79,43
2dcv,YVSCLFRGARCRVYSGRSCCFGYYCRRDFPGSIFGTCSRRNF,CCCCECCCCEEECCCCCCECCCEEEEECCCCCCEEEEEECCC,0,38.1,61.9,42
2dcw,YITCLFRGARCRVYSGRSCCFGYYCRRDFPGSIFGTCSRRNF,CCCCECCCCEEECCCCCCECCCEEEEECCCCCCEEEEEECCC,0,38.1,61.9,42
2dez,YPIKPEAPGEDASPEELNRYYASLRHYLNLVTRQRY,CCCCCCCCCCCCCCCCCHHHHHHHHHHHHHHCCCCC,38.89,0,61.11,36
2df0,IKPEAPGEDASPEELNRYYASLRHYLNLVTRQRY,CCCCCCCCCCCCCCCHHHHHHHHHHHHHHCCCCC,41.18,0,58.82,34
2e3g,ATCDLASKWNWNHTLCAAHCIARRYRGGYCNSKAVCVCRN,CCCCCCCCCCCHHHCHHHHHHHCCCCEEEECCCCCEEEEC,25,20,55,40
2eri,CGESCVFIPCISTLLGCSCKNKVCYRNGVIP,CCEECCCCCCCCCCCCCEEECCEEEECCCEC,0,32.26,67.74,31
2fcg,IGKEFKRIVQRIKDFLRNLVPRTES,CCCCHHHHHHHHHHHHHHHCCCCCC,50,0,50,25
2fqa,SAISCGETCFKFKCYTPRCSCSYPVCK,CCCCCCCECCCCCCEECCEEEECCEEE,0,33.33,66.67,27
2g9l,GILDTLKQFAKGVGKDLVKGAAQGVLSTVSCKLAKTC,CHHHHHHHHHCCCCHHHHHHHCCCCHHHHHHCCCCCC,59.46,0,40.54,37
2g9p,GLFGKLIKKFGRKAISYAVKKARGKH,CHHHHHHHHHCCHHHHHHHHHCCCCC,60,0,40,26
2gdl,LVQRGRFGRFLRKIRRFRPKVTITIQGSARF,CCCCHHHHCCCCCCCCCCCCCHHHHHHHHHC,41.94,0,58.06,31
2gl1,KTCENLANTYRGPCFTTGSCDDHCKNKEHLRSGRCRDDFRCWCTRNC,CEEEEECCCCCCCCCCHHHHHHHHHHCCCCCEEEECCCCCEEEEEEC,21.28,31.91,46.81,47
2hfr,KRFWPLVPVAINTVAAGINLYKAIRRK,CCCCCCCCCHHHHHHHHHCCCCCHHHC,40,0,60,27
2i2j,SGSLSTFFRLFNRSFTQALGK,CCCCHHHHHHHHHHHHHHCCC,46.67,0,53.33,21
2igr,KWKVFKKIEKKWKVFKKIEKAGPKWKVFKKIEK,CCCHHHHHHHHHHHHHHHHHHCCHHHHHHHHHC,81.82,0,18.18,33
2it8,GVCPKILKKCRRDSDCPGACICRGNGYCG,CCCCCCCCECCCHHHCCCCEEECCCCEEC,10,20,70,29
2jpy,FLSLIPHAINAVSTLVHHF,CCCCHHHHHHHHHHHHHCC,43.33,0,56.67,19
2jq0,FLSLIPHAINAVSAIAKHN,CCCCHHHHHHHHHHHHHHC,46.67,0,53.33,19
2jq1,FLSLIPHAINAVSALANHG,CCCCHHHHHHHHHHHHHCC,43.33,0,56.67,19
2jr8,GKIPVKAIKQAGKVIGKGLRAINIAGTTHDVVSFFRPKKKKH,CCCCHHHHHHHHHHHHHHHHHHHHHHHHHHHHHHHCCCCCCC,73.81,0,26.19,42
2jsb,RWCVYAYVRVRGVLVRYRRCW,CCEEEEEEEECCEEEEEEECC,0,50,50,21
2jwm,CGETCTLGTCYTQGCTCSWPICKRNGLPV,CCCECCCCCCCCCCCEEECCEEECCCCCC,0,23.33,76.67,29
2k10,GILSSFKGVAKGVAKDLAGKLLETLKCKITGC,CHHHHHHHHHHHHHHHHHHHHCCCCHHHHHCC,78.12,0,21.88,32
2k1i,RRTCHCRSRCLRRESNSGSCNINGRIFSLCCR,CCCEEEECCCCCCCEEEEEEEECCEEEEEEEC,0,59.38,40.62,32
2k38,GFGALFKFLAKKVAKTVAKQAAKQGAKYVVNKQME,CCCCHHHHHHHCHHHHCCCCCCCCCCCCCCCCCCC,31.43,0,68.57,35
2k7g,GVPICGETCTLGTCYTAGCSCSWPVCTRN,CEEEEEEECCCCCCCCCCEEEECCEEEEC,0,50,50,29
2k98,GIGKFLKKAKKGIGAVLKVLTTGL,CCHHHHHHCCCCHHHHHHHHHHCC,53.33,0,46.67,24
2ket,GRFKRFRKKFKKLFKKLSPVIPLLHL,CCHHHHHHHHHHHHHHHCCCCHHHHC,63.33,0,36.67,26
2kj7,KCNTATCATQRLANFLVRSSNNLGPVLPPTNVGSNTY,CCCCCCHHHHHHHHHHHCCHHHHCCCCCCCCCCCCCC,40.54,0,59.46,37
2kus,SGPNGQCGPGWGGCRGGLCCSQYGYCGSGPKYCAH,CCCCCECECCCECCCCCCEECCCCEEECCHHHHCC,11.43,22.86,65.71,35
2kux,GTPCGESCVYIPCISGVIGCSCTDKVCYLN,CEEEEEECCCCCCCHHHHCCEEECCEEEEC,13.33,43.33,43.33,30
2l1q,MTPFWRGVSLRPIGASCRDDSECITRLCRKRRCSLSVAQE,CCCCCCCCCCECCCCECCCHHHECCCCEECCEECCCCCCC,7.5,17.5,75,40
2l2r,GSGRGSCRSQCMRRHEDEPWRVQECVSQCRRRRGGGD,CCCCCCHHHHHHHHCCCCHHHHHHHHHHHHCCCCCCC,54.05,0,45.95,37
2l36,GIGKALKKAKKGIGAVLKVLTTGL,CCHHHHHHHCCCHHHHHHHHHHCC,56.67,0,43.33,24
2l3i,GIRCPKSWKCKAFKQRVLKRLLAMLRQHAF,CCECCCCEECECEHHHHHHHHHHHHHHCCC,46.67,16.67,36.67,30
2l5r,GLKEIFKAGLGSLVKGIAAHVAS,CHHHHHHHHHHHHHHHHHHHHHC,70,0,30,23
2l96,KKLKLAPAKLALLWKALALKLKKA,CCCCCCCHHHHHHHHHHHHHHHHC,53.33,0,46.67,24
2l99,KKLKLALAKPALLWKALALKLKKA,CCCHHHHCCCHHHHHHHHHHHHHC,56.67,0,43.33,24
2l9a,KKLKLALAKLAPLWKALALKLKKA,CCCHHHHHHCCCHHHHHHHHHHHC,56.67,0,43.33,24
2la2,RWKIFKKIEKVGRNVRDGIIKAGPAVAVVGQAATVVK,CCCHHHHHHHHCEEEECCHCCCCCCEHHHCHHHCCCC,40.54,13.51,45.95,37
2lam,GLPTCGETCTLGTCYVPDCSCSWPICMKN,CECCCCCECCCCCCCCCCCEEECCEEEEC,0,30,70,29
2lb7,AQRCGDQARGAKCPNCLCCGKYGFCGSGDAYCGAGSCQSQCRGC,CEECEHHHCCECCCCCCEEECCCEEECCHHHHCCCCEEECCCCC,15.91,29.55,54.55,44
2lg4,AACSDRAHGHICESFKSFCKDSGRNGVKLRANCKKTCGLC,CCCCCCCCCCCECCCCCCCCCCCCCCEEEECECHHCCCCC,5,15,80,40
2lg5,LFCKGGSCHFGGCPSHLIKVGSCFGFRSCCKWPWNA,CCCCCCEEECCCCCCCCHECEEEECCCEEEECCCCC,2.78,33.33,63.89,36
2lg6,LFCKGGSCHFGGCPSHLIKVGSCFGFRSCCAWPWNA,CCCCCCEEECCCCCCCCHECEEEECCCEEEECCCCC,2.78,33.33,63.89,36
2lj7,KTCENLSDSFKGPCIPDGNCNKHCKEKEHLLSGRCRDDFRCWCTRNC,CEEEEECECCCCCECCCCEEHCHHHHCCHHCEEEECCCCCEEEEEEC,14.89,40.43,44.68,47
2ljq,KYYGNGVHSTKSGSSVNWGEAFSAGVHRLANGGNGFW,CECCCCCCCHHHHHHHHHHHHHHHHHHHHHCCCCCCC,56.76,2.7,40.54,37
2ljt,KYYGNGVHLTKSGLSVNWGEAFSAGVHRLANGGNGFW,CECCCCHHHHHHHHHHHHHHHHHHHHHHHHCCCCCCC,64.86,2.7,32.43,37
2lld,ATCDLLSGTGVKHSACAAHCLLRGNRGGYCNGRAICVCRN,CCCCCCCCCCCCCHHHHHHHHHHCCCEEEEECCCEEEEEC,25,25,50,40
2lmf,LLGDFFRKSKEKIGKEFKRIVQR,CHHHHHHHHHHHHHHHHHHHHCC,66.67,0,33.33,23
2ln4,VTCDVLSFEAKGIAVNHSACALHCIALRKKGGSCQNGVCVCRN,CCCECCHHHHCCHECCCHHHHHHHHHHCHCCEEEECCEEECEC,37.21,23.26,39.53,43
2lnq,DAEFRHDSGYEVHHQKLVFFAENVGSNKGAIIGLMVGGVV,CCCCCCCCCCCCCHHHHHHHHHHHECCCCCEEEEEECCCC,27.5,17.5,55,40
2lr3,RTCESQSHKFKGPCASDHNCASVCQTERFSGGRCRGFRRRCFCTTHC,CCECCCCHCCCCCCCCCHCHCEHHCCECCCCCEEECCCEEEEEEEEC,10.64,29.79,59.57,47
2lr5,GFGCPFNENECHAHCLSIGRKFGFCAGPLRATCTCGKQ,CCCCCCCCCHHHHHHHHCCCCCEEEECCCECEEEEECC,21.05,26.32,52.63,38
2lr7,RKCNFLCKLKEKLRTVITSHIDKVLRPQG,CCCEHECHHHHHHHHHHHHHHHHHECCCC,60,10,30,29
2ls9,GWGSFFKKAAHVGKHVGKAALTHYL,CHHHHHHHHHHHHHHHHHHHCHHHH,76.67,0,23.33,25
2lsa,GIGKFLHSAKKFGKAFVGEIMNS,CCCHHHHHHHHHHHHHHHHHCCC,56.67,0,43.33,23
2lt8,GFGCPGDAYQCSEHCRALGGGRTGGYCAGPWYLGHPTCTCSF,CCCCCCCCECCCHHHHHCCCCECCEEEECCCCCCCEEEEECC,11.9,26.19,61.9,42
2lxo,GIINTLQKYYCRVRGAICHPVFCPRRYKQIGTCGLPGTKCCKKP,CCCCCCCCCHHECCCCEEEECCCCCCCEEEECCCCCCEEEEECC,4.55,31.82,63.64,44
2m6a,ADDRCERMCQRYHDRREKKQCMKGCRYG,CCCEECHEHCCECHHHCCEEECCCCCCC,16.67,23.33,60,28
2m8v,ADRGWIKTLTKDCPNVISSICAGTIITACKNCA,CCCCECEHCCCCCCCECHECCCCCCEEECCECC,6.06,24.24,69.7,33
2m9o,GLPVCGETCTLGTCYTQGCTCSWPICKRN,CCCCCCEECCCCCCCCCCCEEECCEEEEC,0,30,70,29
2mag,GIGKFLHSAKKFGKAFVGEIMNS,CCCHHHHHHHHHHHHHHHHHCCC,56.67,0,43.33,23
2mbd,GLPRKILCAIAKKKGKCKGPLKLVCKC,CCCCHCHHHHHHCCCEEECCCCEEEEE,23.33,26.67,50,27
2mdl,TCHIRRKPKFRKFKLYHEGKFWCP,CCCCCCCCCCHHHHHHHCCEEECC,23.33,10,66.67,24
2mfs,CVLIGQRCDNDRGPRCCSGQGNCVPLPFLGGVCAV,CECCCCEEECCCCCCECCCCCEEEECCCCCEEEEC,0,37.14,62.86,35
2mhw,GIGGVLLSAGKAALKGLAKVLAEKYAN,CCCCHEEHHHHHHHHHHHHHHHHHHCC,63.33,6.67,30,27
2mij,GLGKAQCAALWLQCASGGTIGCGGGAVACQNYRQFCR,CCCCHHHHHHCHECECCCEECCCCCCECECHCCEEEC,21.62,24.32,54.05,37
2mmj,GLFGVLAKVAGHVVGAIAEHF,CHHHHHHHHHCCHHHHHHHHC,56.67,0,43.33,21
2mmm,GGLKKLGKKLEGAGKRVFKASEKALPVVVGIKAIGK,CCCCHHHCHHHHCCCEECHHHHCCCCCHHCHHHCCC,44.44,5.56,50,36
2mmt,GGAGHVPEYFVRGDFPISFYG,CECCCEECCEECCCCCCCCCC,0,16.67,83.33,21
2mmw,GGAGHVPEYFVRGDTPISFYG,CECCCEECCEECCCCCCCCCC,0,16.67,83.33,21
2mn1,GLPVCGETCVGGTCNTPGCTCSWWPVCTRN,CCCCCCCECCCCCCCCCCCEEECCCEEEEC,0,26.67,73.33,30
2mvx,DAEFRHDSGYEVHHQKLVFFADVGSNKGAIIGLMVGGVV,CCCCCCCCCCCCCHHHHHHHHHHCCCCCCEEEEEECCCC,25.64,15.38,58.97,39
2mwt,KRFKKFFKKVKKSVKKRLKKIFKKPMVIGVTIPF,CCCHHHHHHHHHHHHHHHHHCCCCCCEHCCECCC,52.94,5.88,41.18,34
2n1c,FEDLPNFGHIQVKVFNHGEHIHH,CCCCCCCCCECEHHECCCCCCEC,6.67,13.33,80,23
2n1e,VKVKVKVKVPPTKVKVKVKV,CCCEHEECCCCCCEEHHHEC,13.33,20,66.67,20
2n30,FEDLPNFGHIQVKVFNHGEHIHH,CCCCCCCCCECEHHECCCCCCEC,6.67,13.33,80,23
2n4k,KYYGNGVSCNKKGCSVDWGKAIGIIGNNAAANLTTGGKAGWKG,CECCCCCEECCCCEECCCHHHHHHHHHHHHHHHHCCCCCCCCC,37.21,11.63,51.16,43
2n92,SWLSKTAKKLENSAKKRISEGIAIAIQGGPR,CCCCHHHHHHHHHHHHCHHCCHHHHHCCCCC,61.29,0,38.71,31
2na5,IKPEAPGEDASPEELNRYYASLRHYLNLVTRQRY,CCCCCCCCCCCCCCCHHHHHHHHHHHHHHCCCCC,41.18,0,58.82,34
2ncx,GLNALKKVFQGIHEAIKLINNHVQ,CCHHHHHHHCCCHHHHHHHHHHCC,56.67,0,43.33,24
2ncy,GLNALKKVFQPIHEAIKLINNHVQ,CCHHHHHECCCCHHHHHHHHHHCC,50,3.33,46.67,24
2nlb,DHYACVSSGGQCLYSACPIFTKIQGTCYRGKAKCCK,CHHHHHHCCCEEECCCCCCCCCEEEEECCCCEEEEC,16.67,33.33,50,36
2nlc,DHYNCVSAGGQCLYSACPIFTKIQGTCYRGKAKCCK,CHHHHHHCCCEEECCCCCCCCCEEEEECCCCEEEEC,16.67,33.33,50,36
2nld,DHYNCVSSGGACLYSACPIFTKIQGTCYRGKAKCCK,CHHHHHHCCCEEECCCCCCCCCEEEEECCCCEEEEC,16.67,33.33,50,36
2nle,DHYNCVSSGGQCAYSACPIFTKIQGTCYRGKAKCCK,CHHHHHHCCCEEECCCCCCCCCEEEEECCCCEEEEC,16.67,33.33,50,36
2nlf,DHYNCVSSGGQCEYSACPIFTKIQGTCYRGKAKCCK,CHHHHHHCCCEEECCCCCCCCCEEEEECCCCEEEEC,16.67,33.33,50,36
2nlg,DHYNCVSSGGQCLYSACPIFTEIQGTCYRGKAKCCK,CHHHHHHCCCEEECCCCCCCCCEEEEECCCCEEEEC,16.67,33.33,50,36
2nlh,DHYNCVSSGGQCLYSACPIFTKIAGTCYRGKAKCCK,CHHHHHHCCCEEECCCCCCCCCEEEEECCCCEEEEC,16.67,33.33,50,36
2nlp,DHYNCVSSGGQCLYSACPIFTKIEGTCYRGKAKCCK,CHHHHHHCCCEEECCCCCCCCCEEEEECCCCEEEEC,16.67,33.33,50,36
2nlq,DHYNCVSSGGQCLYSACPIFTKIQGTCYRGAAKCCK,CHHHHHHCCCEEECCCCCCCCCEEEEECCCCEEEEC,16.67,33.33,50,36
2nls,DHYNCVSSGGQCLYSACPIFTKIQGTCYRGEAKCCK,CHHHHHHCCCEEECCCCCCCCCEEEEECCCCEEEEC,16.67,33.33,50,36
2ny8,ATCDLASGFGVGSSLCAAHCIARRYRGGYCNSKAVCVCRN,CCCCCCCCCCCCCHHHHHHHHHCCCCEEEECCCCCEEEEC,22.5,20,57.5,40
2nz3,ATCDLASIFNVNHALCAAHCIARRYRGGYCNSKAVCVCRN,CCCCCCCCCCCCCHHHHHHHHHCCCCEEEECCCCCEEEEC,22.5,20,57.5,40
2ojn,FFHHIFRPIVHVGKTIHRLVTG,CCCCCCCCCCHHHHHHHHHHCC,33.33,0,66.67,22
2ojo,FFHHIFRAIVHVAKTIHRLVTG,CCCHHHHHHHHHHHHHHHHHCC,56.67,0,43.33,22
2oon,YPAKPEAPGEDASAEELSRYYASLRHYLNLVTRQRY,CCCCCCCCCCCCCCCHHHHHHHHHHHHHHHHCCCCC,44.44,0,55.56,36
2oop,YPAKPEYPGEDASPEELSRYYASLRHYLNLVTRQRY,CCCCCCCCCCCCCCCHCHHHHHHHHHHHHHHCCCCC,41.67,0,58.33,36
2pco,SMWSGMWRRKLKKLRNALKKKLKGEK,CCCCCCCHHHHHHHHHHHHHHHHCCC,53.33,0,46.67,26
2plz,DHYNCVSSGGQCLYSACPIFTRIQGTCYRGRARCCR,CHHHHHHCCCEEECCCCCCCCCEEEEECCCCEEEEC,16.67,33.33,50,36
2pm1,ACYCRIPACIAGEAAYGTCIYQGALWAFCC,CCEEECCCCCCCCCEEEEEEECCEEEEEEC,0,53.33,46.67,30
2pm4,DCYCRIPACIAGEKKYGTCIYQGKLWAFCC,CCEEECCCCCCCCCEEEEEEECCEEEEEEC,0,53.33,46.67,30
2pm5,DCYCRIPACIAGEAAYGTCIYQGALWAFCC,CCEEECCCCCCCCCEEEEEEECCEEEEEEC,0,53.33,46.67,30
2po8,CPKILKKCRRDSDCPGACICRGNGYCGSGSDGGV,CCCCCCECCCHHHCCCCEEECCCCEEEEHHHCCC,17.65,23.53,58.82,34
2pv6,ELDKWASLWNWFNITNWLWYIK,CECHHHHHHHHHCHHHHHHHCC,53.33,3.33,43.33,22
2v9b,KSCCPNTTGRDIYNTCRLGGGSRERCASLSGCKIISASTCPSDYPK,CEECCCHHHHHHHHHHHHCCCCHHHHHHHHCCEECCCCCCCCCCCC,43.48,8.7,47.83,46
3c8p,KSCCPSTTGRNIYNTCRLTGSSRETCAKLSGCKIISASTCPSNYPK,CEECCCHHHHHHHHHHHHCCCCHHHHHHHHCCEECCCCCCCCCCCC,43.48,8.7,47.83,46
3e4h,CGETCTLGTCYTAGCSCSWPVCTRNGVPI,CCCECCCCCCCCCCEEEECCEEEECCECC,0,33.33,66.67,29
3h6c,ACYCRIPACIAGERRYGTCIYAGRLWAFCC,CCEEECCCCCCCCCEEEEEEECCEEEEEEC,0,53.33,46.67,30
3hj2,CGGACYCRIPACIAGERRYGTCIYQGRLWAFCC,CCCCEEEECCCCCCCCCEEEEEEECCEEEEEEC,0,51.52,48.48,33
3lo1,ACYCRIPACIAGERRAGTCIYQGRLWAFCC,CCEEECCCCCCCCCEEEEEEECCEEEEEEC,0,53.33,46.67,30
3lo2,ACYCRIPACIAGERRYGTCIAQGRLWAFCC,CCEEECCCCCCCCCEEEEEEECCEEEEEEC,0,53.33,46.67,30
3lo4,ACYCRIPACIAGERRYGTCIYQGALWAFCC,CCEEECCCCCCCCCEEEEEEECCEEEEEEC,0,53.33,46.67,30
3loe,ACYCRIPACIAGERRYGTCIYQGRLWAACC,CCEEECCCCCCCCCEEEEEEECCEEEEEEC,0,53.33,46.67,30
3lvx,ACYCRAPACIAGERRYGTCIYQGRLWAFCC,CCEEECCCCCCCCCEEEEEEECCEEEEEEC,0,53.33,46.67,30
3ngg,KDRPKKPGLCPPRPQKPCVKECKNDDSCPGQQKCCNYGCKDECRDPIFVG,CCCCCCCCECCCCCCCCCCECCCCHHHCCCCCEEEECCCCEEEECCECCC,6,22,72,50
3psm,KTCENLADTFRGPCFTDGSCDDHCKNKEHLIKGRCRDDFRCWCTRNC,CEEEEECCCCCCCCCCHHEHHHHHHHCCHHCEEEECCCCCEEEEEEC,23.4,34.04,42.55,47
4du0,ACYCRIPACIAGERRYATCIYQGRLWAFCC,CCEEECCCCCCCCCEEEEEEECCEEEEEEC,0,53.33,46.67,30
4lb1,ACYCRIPACIAGERRAGTCIYQGRLWAACC,CCEEECCCCCCCCCEEEEEEECCEEEEEEC,0,53.33,46.67,30
4lb7,ACYCRIPACIAGERRAGTCAYQGRAWAACC,CCEEECCCCCCCCCEEEEEEECCEEEEEEC,0,53.33,46.67,30
4lbb,ACYCRIPACIAGERRYGTCAYQGRLWAFCC,CCEEECCCCCCCCCEEEEEEECCEEEEEEC,0,53.33,46.67,30
4lbf,ACYCRIPACIAGERRYGTCAYQGRAWAFCC,CCEEECCCCCCCCCEEEEEEECCEEEEEEC,0,53.33,46.67,30
4ozk,ACQCPDAISGWTHTDYQCHGLENKMYRHVYAICMNGTQVYCRTEWGSSC,CCECCCCCCCEEECCHECCCCCCHHHHHCHEEECCCCEEEEEECCCCCC,14.29,28.57,57.14,49
4ttn,GLPVCAETCVGGTCNTPGCTCSWPVCTRNG,CCCCCCCECCCCCCCCCCCEEECCEEEECC,0,26.67,73.33,30
4tto,GLPVCGETCVGGTCNTPGCTCSWPACTRNG,CCCCCCCECCCCCCCCCCCEEECCEEEECC,0,26.67,73.33,30
5cgo,GIGKFLHAAKKFGKAFVAEIMNS,CCCHHHHHHHHHHHHHHHHHCCC,56.67,0,43.33,23
5gwg,LRVRRTLQCSCRRVCRNTCSCIRLSRSTYAS,CCCCHHCEEEEECCECCEEEEECCCCHHCCC,12.9,35.48,51.61,31
5h2s,FIHHIIGGLFSAGKAIHRLIRRRRR,CCCCHHHCHHHCHHHHHHHHHEHCC,53.33,3.33,43.33,25
5j6t,IFGAIWPLALGALKNLIK,CCCCCCCHHHHHHHHHHC,33.33,0,66.67,18
5j6v,DIFGAIWPLALGALKNLIK,CCCCECCCHHHHHHHHHHC,33.33,3.33,63.33,19
5j6w,KIFGAIWPLALGALKNLIK,CCCCCCCCHHHHHHHHHHC,33.33,0,66.67,19
5khb,MGIIAGIIKVIKSLIEQFTGK,CCCCHHHHHHHHHHHHHHCCC,46.67,0,53.33,21
5lcs,QPFIPRPIDTCRLRNGICFPGICRRPYYWIGTCNNGIGSCCARGWRS,CCCCCCCCCEHHHCCEEEECCCECCCCEEEEEECCCCCEEECCCCCC,6.38,31.91,61.7,47
5lm0,ADDRCYRMCQRYHDRREKKQCKEGCRYG,CCCEEHHEHCCECHHHCCHEHCCCCCCC,26.67,16.67,56.67,28
5m9u,RWCVYAYRRVRGVLVRYRRCW,CCEEEEEEEECCEEEEEEECC,0,50,50,21
5nce,RMCKTPSGKFKGYCVNNTNCKNVCRTEGFPTGSCDFHVAGRKCYCYKPCP,CCEECCCCCCCEEEECCCEHHEEHECCCCCCEEEEECECCCEEEEEECCC,6,44,50,50
5ujr,WGWKEVVQNGQTIFSAGQKLGNMVGKIVPLPFG,CCEEEEHHCCCEEEHHCCECCHHHCCCCCCCCC,21.21,24.24,54.55,33
5ukz,KYYGNGVTCGKHSCSVDWGKATTCIINNGALAWATGGHQGNHKC,CECCCCEECCCCCCCCCCCCCEEEEECCCCHHHHCCCCCCCCCC,9.09,18.18,72.73,44
5v0y,GFCWYVCVYRNGVRVCYRRCN,CCCEEEEEEEECEEEEECEEC,0,50,50,21
5v11,GFCWYVCARRNGARVCYRRCN,CCCEEEECCECCCEEEECEEC,0,36.67,63.33,21
5wov,GGVCPKILQRCRRDSDCPGACICRGNGYCGSGSD,CCCCCCCCCECCCHHHCCCCEEECCCCEEEECCC,8.82,23.53,67.65,34
5wow,GGVCPKILQRCRRDSDCPGACICRGNGYCGYPYDVPDYA,CCCCCCCCCECCCHHHCCCCEEECCCCEEEECCCCCCCC,7.69,20.51,71.79,39
5x3l,GLGSVFGRLARILGRVIPKV,CCCCHHCHHHHHHCCCCCCC,26.67,0,73.33,20
5xa6,GFGCPFNQGKCHRHCRSIRRRGGYCDGFLKQRCVCYRK,CCCCCCCCEEEEEHHCHECCCEEEEECCCCCEEEEECC,7.89,42.11,50,38
5xol,GSKKPVPIIYCNAATGKCQRM,CCCCCCCCEEEECCCCEEEEC,0,26.67,73.33,21
5y0h,GFAWNVCVYRNGVRVCHRRAN,CCCCEEEEEEECEEEEEEECC,0,46.67,53.33,21
5y0i,GFCWNVCVYRNGVRVCHRRCN,CECCCEEEEEECEEEECCECC,0,40,60,21
5y0j,AFCWNVCVYRNAVRVCHRRCN,CCCCCEEECEECEEEECCECC,0,33.33,66.67,21
5z1y,NLCASLRARHTIPQCRKFGRR,CCCHHHHHCCCCCCCCCCCCC,16.67,0,83.33,21
5zv6,AGECVRGRCPGGLCCSKFGFCGSGPAYCGG,CCECECCCCCCCEEEECCCEEECCHHCECC,6.67,33.33,60,30
6b55,ARECKTESNTFPGICITKPPCRKACISEKFTDGHCSKILRRCLCTKPC,CCEEEEECCCCCCCCCCHHHHHHHHHHCCCCEEEECCCCCCEEEEEEC,20.83,31.25,47.92,48
6b9w,GSACQFWSCNSSCISRGYRQGYCWGIQYKYCQCQ,CCEECCCECCEHEECCCCCEEEEECCEEEEEEEC,2.94,52.94,44.12,34
6bam,GSACQFWSCNSSCISRGYRQGKCWGIQYKYCQCQ,CCEECCCECCEHEECCCCCEEEEECCEEEEEEEC,2.94,52.94,44.12,34
6bb6,GMACQFWSCNSSCISRGYRQGKCWGIQYKYCQCY,CCEECCCECCEHEECCCCCEEEEECCEEEEEEEC,2.94,52.94,44.12,34
6bi5,GMACQFWSCNSSCISRGYRQGKCWGKYCQCY,CCEECCCECCEHEECCCCCEEEEECCEEEEC,3.23,48.39,48.39,31
6c41,VFQFLGKIIHHVGNFVHGFSHVF,CCCHHEHCCHHHCCECCCEEEEC,20,20,60,23
6cl3,IWLTALKFLGKNLGKLAKQQLAKL,CCCHHHHHHHHHHHHHHHHHHHHH,70,0,30,24
6dhr,GLPICGETCLLGKCYTPGCSCRRPVCYKNG,CECEECEECCCCECCCCCEEEECCEEEECC,0,46.67,53.33,30
6dmm,VCSCRLVFCRRTELRVGNCLIGAVSFTYCCTRV,CEEEECCCCCCCCEEEEEEEECCEEEEEEECCC,0,57.58,42.42,33
6dmq,VCSCRLVFCRRTELRVGNCLIGGVSFAYCCTRV,CEEEECCCCCCCCEEEEEEEECCEEEEEEECCC,0,57.58,42.42,33
6dmz,RTCQSQSHRFRGPCLRRSNCANVCRTEGFPGGRCRGFRRRCFCTTHC,CCECCCCHCCCCCCECCCEEHHHHCCCCCCCEEEECCCEEEEEEEEC,10.64,34.04,55.32,47
6dst,GIGAVLKVLTTGLPALISWIKRKRQQ,CCCCHHHHHCCCCCCHHHHHHHHHCC,46.67,0,53.33,26
6duu,FLPIIINLKALAALAKKIL,CCCCHHHHHHHHHHHHHHC,46.67,0,53.33,19
6e3y,ACDTATCVTHRLAGLLSRSGGVVKNNFVPTNVGSKAF,CCCCCEECHHHHHHHHHCCCCEEECCCCCCCCCCCCC,24.32,13.51,62.16,37
6fs4,TKLTEEEKNRLNFLKKISQRYQKFALPQYLK,CCCHHHHHHHHHHHHHHHHHHHHCCCCCCCC,64.52,0,35.48,31
6hz2,GIGGKILSGLKTALKGAAKELASTYLH,CCCCCHCHCHHHHHHCHHHHHHHHHHC,60,0,40,27
6k50,GFGCNGPWNEDDLRCHNHCKSIKGYKGGYCAKGGFVCKCY,CCCECCCCCHCHEHHHHHHHHCCCCCCEEEECCCCEEEEC,25,25,50,40
6k51,GFGCNGPWQEDDLKCHNHCKSIKGYKGGYCAKGGFVCKCY,CCCECCCCCHCHHEHHHHHHHCCCCCCEEEECCCCEEEEC,25,25,50,40
6kra,RRTCRCRFGRCFRRESYSGSCNINGRIFSLCCR,CCCEEEECCEEECCCEEEEEEEECCEEEEEEEC,0,66.67,33.33,33
6lwy,ACQCPDAISGWTHTDYQCHGLEKKMYRHVYAICMNGSQVYCRTEWGSSC,CCECCCCCCCEEECCHECCCCCHHHHHHCHEEECCCCEEEEEECCCCCC,16.33,28.57,55.1,49
6mry,ARQCKAESNTFTGICIAKPPCRQACIREKFTDGHCSKVLRRCLCTKRC,CCCEEEECCCCCCEECCHHHHHHHHHHCCCCEEEECCCCCCEEEEECC,20.83,31.25,47.92,48
6nom,KTCENLSGTFKGPCIPDGNCNKHCRNNEHLLSGRCRDDFRCWCTNRC,CEEEEECCCCCCCECCCCEEEEEECCCCHHCEEEECCCCCEEEEEEC,4.26,46.81,48.94,47
6o8j,AGKETIRQYLKNEIKKKGRKAVIAW,CCCCCHHHHHHHHHHHHCCHHEEHC,50,6.67,43.33,25
6o8p,AGKEKIRKKLKNEIKKKGRKAVIAW,CCCEHHHHHHHHHHHHHCCHHEEHC,53.33,10,36.67,25
6o8r,AWKEKIRKKLKNEIKKKGRKAVIAW,CCHHHHHHHHHHHHHHHCCHHEEHC,60,6.67,33.33,25
6o8s,AGKEKIRKKLKNEIKKKWRKAVIAW,CCCEHHHHHHHHHHHHHHHHHHEHC,63.33,6.67,30,25
6o8t,AWKEKIRKKLKNEIKKKWRKAVIAW,CCHHHHHHHHHHHHHHHHHHHHEHC,70,3.33,26.67,25
6r2x,FETLRGDERILSILRHQNLLKELQD,CCCCCCCHHHHHHHHHHHHHHHHHC,56.67,0,43.33,25
6rsf,GWGSFFRRAAHVGRHVGRAALTHYL,CHCHHHHHHHHHHHHEHHHHCHHHH,70,3.33,26.67,25
6rsg,GWGSFFKKAAHAGKHAGKAALTHYL,CHHHHHHHHHHHHCHHHHHHCHHHH,73.33,0,26.67,25
6ry9,GRRKRKWLRRIGKGVKIIGGAALDHL,CCCCHHHHHHHHCCCEECHCCHHHHH,46.67,6.67,46.67,26
6ryq,WLRRIGKGVKIIGGAALDHL,CCCHHHCCCEECHCCHHHHH,30,6.67,63.33,20
6rz1,FLGALIKGAIHGGRFIHGMIQNHH,CCCHHHHHHHCCCCEECHHHCCCC,33.33,6.67,60,24
6rzc,GWGSIFKHGRHAAKHIGHAAVNHYL,CCHCEECCCCCHHHHHHCHHHHHHC,43.33,6.67,50,25
6s2d,GKGRWLERIGKAGFIIIGGALDHL,CCCCHHHHCCCHHCEEHHCHHHHH,43.33,6.67,50,24
6vpn,KTCENLADTYKGPCFTTGSCDDHCKNKEHLRSGRCRDDFRCWCTKNC,CEEEEECCCCCCCCCCHHHHHHHHHHCCCCCEEEECCCCCEEEEEEC,21.28,31.91,46.81,47
6wpo,GIGDILKNLAKAAGKAALHAVGESL,CCCHHHHHHHHHHHHHHHHHHHHHC,70,0,30,25
7c2p,RTCESQSHKFKGPCLRASNCANVCKTEGFHGGKCRGFRRRCFCTKHC,CCECCCCHCCCCCCECCEEHHHHHHECCCECEEEECCCEEEEEEEEC,14.89,38.3,46.81,47
7c31,RVCESQSHKFEGACMGDHNCALVCRNEGFSGGKCKGLRRRCFCTKLC,CCCEHCCHHCCCEEECCCCCHHEHCCCCCCCEEEECCCCEEEEEEEC,12.77,34.04,53.19,47
7k7x,GLPVCGETCVGGTCNTPGCVCSWPVCTRN,CCCCCCCECCCCCCCCCCEEEECCEEEEC,0,30,70,29
7kpd,AIPCGESCVYIPCISVVIGCSCRNKVCYR,CEECCEECCCCCCCHHHCCCEEECCEEEE,10,36.67,53.33,29
7ns1,MITISTMLQFGLFLIALIGLVIKLIELSNKK,CCCEHHEHHHHHHHHHHHHHHHHHHHHHCCC,74.19,6.45,19.35,31
