pdb_id,sequence,length,helix_count,strand_count,coil_count,helix%,strand%,coil%
1avf,AVVKVPLKKFKSIRETMKEKGLLGEF,26,10,7,9,38.462,26.923,34.615
1bh4,CGESCVWIPCISAALGCSCKNKVCYRNGIP,30,11,0,19,36.667,0,63.333
1bk8,LCNERPSQTWSGNCGNTAHCDKQCQDWEKASHGACHKRENHWKCFCYFNC,50,11,18,21,22,36,42
1bnb,APLSCGRNGGVCIPIRCPVPMRQIGTCFGRPVKCCRSW,38,0,15,23,0,39.474,60.526
1cix,YSRCQLQGFNCVVRSYGLPTIPCCRGLTCRSYFPGSTYGRCQRY,44,0,11,33,0,25,75
1cw5,VNYGNGVSCSKTKCSVNWGQAFQERYTAGINSFVSGVASGAGSIGRRP,48,26,0,22,54.167,0,45.833
1cz6,RSVCRQIKICRRRGGCYYKCTNRPY,25,0,8,17,0,32,68
1dfn,DCYCRIPACIAGERRYGTCIYQGRLWAFCC,30,0,18,12,0,60,40
1dkc,AGCIKNGGRCNASAGPPYCCSSYCFQIAGQSYGVCKNR,38,0,13,25,0,34.211,65.789
1dum,GIGKYLHSAKKFGKAWVGEIMNS,23,14,0,9,60.87,0,39.13
1e4q,PVTCLKSGAICHPVFCPRRYKQIGTCGLPGTKCCKKP,37,0,10,27,0,27.027,72.973
1f8p,YPSKPDNPGEDAPAEDLARYYSALRHYINLITRQRY,36,21,0,15,58.333,0,41.667
1fjn,GFGCPNNYQCHRHCKSIPGRCGGYCGGWHRLRCTCYRCG,39,12,8,19,30.769,20.513,48.718
1fry,RGLRRLGRKIAHGVKKYGPTVLRIIRIAG,29,0,0,29,0,0,100
1fvn,YPSKPDNPGEDAPAEDLARYYSALRHYINLAARQRY,36,14,0,22,38.889,0,61.111
1i2u,DKLIGSCVWGAVNYTSDCNGECKRRGYKGGHCGSFANVNCWCET,44,9,12,23,20.455,27.273,52.273
1i2v,DKLIGSCVWGAVNYTSDCNGECLLRGYKGGHCGSFANVNCWCET,44,9,12,23,20.455,27.273,52.273
1ica,ATCDLLSGTGINHSACAAHCLLRGNRGGYCNGKGVCVCRN,40,12,4,24,30,10,60
1icy,YPSKPDNPGEDAPAEDLARYYSALRHYINLAPRQRY,36,15,0,21,41.667,0,58.333
1iyc,ELPKLPDDKVLIRSRSNCPKGKVWNGFDCKSPFAFS,36,5,6,25,13.889,16.667,69.444
1jkz,KTCEHLADTYRGVCFTNASCDDHCKNKAHLISGTCHNWKCFCTQNC,46,13,16,17,28.261,34.783,36.957
1jmn,KSCCPNTTGRNIYNTCRFGGGSRQVCASLSGCKIISASTCPSDYPK,46,24,4,18,52.174,8.696,39.13
1jmp,KSCCPNTTGRNIYNTCRLGGGSRERCASLSGCKIISASTCPSDYPK,46,23,0,23,50,0,50
1kj6,GIINTLQKYYCRVRGGRCAVLSCLPKEEQIGKCSTRGRKCCRRKK,45,7,13,25,15.556,28.889,55.556
1kv4,AKIPIKAIKTVGKAVGKGLRAINIASTANDVFNFLKPKKRKA,42,32,0,10,76.19,0,23.81
1l4v,ATCDLLSGTGINHSACAAHCLLRGNRGGYCNGKAVCVCRN,40,13,10,17,32.5,25,42.5
1lfc,FKCRRWQWRMKKLGAPSITCVRRAF,25,0,6,19,0,24,76
1lu8,GCLEFWWKCNPNDDKCCRPKLKCSKLFKLCNFSF,34,0,8,26,0,23.529,76.471
1lv4,SSMKLSFRARAYGFRGPGPQL,21,0,0,21,0,0,100
1lyp,GLRKRLRKFRNKIKEKLKKIGQKIQGLLPKLA,32,32,0,0,100,0,0
1m4e,ICIFCCGCCHRSKCGMCCKT,20,0,8,12,0,40,60
1mm0,ACNFQSCWATCQAQHSIYFRRAFCDRSQCKCVFVRG,36,13,13,10,36.111,36.111,27.778
1mmc,VGECVRGRCPSGMCCSQFGYCGKGPKYCGR,30,6,4,20,20,13.333,66.667
1myn,DCLSGRYKGPCAVWDNETCRRVCKEEGRSSGHCSPSLKCWCEGC,44,13,12,19,29.545,27.273,43.182
1ohm,KYYGNGVHCGKHSCTVDWGTAIGCIGNNAAANWATGGNAGWNKC,44,16,0,28,36.364,0,63.636
1orx,VCGETCVGGTCNTPGCTCSWPVCT,24,0,0,24,0,0,100
1ozz,DKLIGSCVWGAVNYTSNCNAECKRRGYKGGHCGSFANVNCWCET,44,14,15,15,31.818,34.091,34.091
1p00,DKLIGSCVWGAVNYTSNCRAECKRRGYKGGHCGSFANVNCWCET,44,9,15,20,20.455,34.091,45.455
1p0a,DKLIGSCVWGAVNYTSNCNAECKRRGYKGGHCGSFLNVNCWCET,44,10,12,22,22.727,27.273,50
1p0g,AKKVFKRLEKLFSKIQNDK,19,13,0,6,68.421,0,31.579
1p0l,AKKVFKRLEKLFSKIWNDK,19,16,0,3,84.211,0,15.789
1p0o,AKKVFKRLEKLFSKIWNWK,19,16,0,3,84.211,0,15.789
1p5k,AKKVFKRLEKSFSKIQNDK,19,15,0,4,78.947,0,21.053
1p5l,AKKVSKRLEKLFSKIQNDK,19,14,0,5,73.684,0,26.316
1pxq,NKGCATCSIGAACLVDGPIPDFEIAGATGLFGLWG,35,8,0,27,22.857,0,77.143
1q3j,CIKNGNGCQPNGSQGNCCSGYCHKQPGWVAGYCRRK,36,0,8,28,0,22.222,77.778
1ron,YPSKPDNPGEDAPAEDMARYYSALRHYINLITRQRY,36,26,0,10,72.222,0,27.778
1s6w,GCRFCCNCCPNMSGCGVCCRF,21,0,6,15,0,28.571,71.429
1ti5,RTCMIKKEGWGKCLIDTTCAHSCKNRGYIGGNCKGMTRTCYCLVNC,46,17,15,14,36.957,32.609,30.435
1tyk,GCLEFWWKCNPNDDKCCRPKLKCSKLFKLCNFSF,34,0,6,28,0,17.647,82.353
1tz4,YPSKPDNPGEDAPAEDLAQYAADLRHYINLITRQRY,36,18,0,18,50,0,50
1u0i,EIAALEKEIAALEKEIAALEK,21,21,0,0,100,0,0
1ut3,SFGLCRLRRGFCARGRCRFPSIPIGRCSRFVQCCRRVW,38,0,14,24,0,36.842,63.158
1vb8,CAESCVWIPCTVTALLGCSCSNKVCYNGIP,30,5,0,25,16.667,0,83.333
1w9n,ASIVKTTIKAAKKLCRGFTLTCGCHFTGKK,30,0,0,30,0,0,100
1x22,GKIPVKAIKKAGAAIGKGLRAINIASTAHDVYSFFKPKHKKK,42,33,0,9,78.571,0,21.429
1xv3,HSSGYTRPLRKPSRPIFIRPIGCDVCYGIPSSTARLCCFRYGDCCHL,47,11,0,36,23.404,0,76.596
1ytr,KSSAYSLQMGATAIKQVKKLFKKWGW,26,12,0,14,46.154,0,53.846
1z64,GWGSFFKKAAHVGKHVGKAALTHYL,25,20,0,5,80,0,20
1zmm,VCSCRLVFCRRTELRVGNCLIGGVSFTYCCTRV,33,0,19,14,0,57.576,42.424
1znt,VGECVRGRCPSGMCCSQFGFCGKGPKYCGR,30,6,4,20,20,13.333,66.667
1zrx,RGFRKHFNKLVKKVKHTISETAHVAKDTAVIAGSGAAVVAAT,42,39,0,3,92.857,0,7.143
1zuv,VGECVRGRCPSGMCCSQWGYCGKGPKYCGR,30,0,4,26,0,13.333,86.667
1zwu,VGECVRGRCPSGMCCSQAGYCGKGPKYCGR,30,6,7,17,20,23.333,56.667
2a2b,ARSYGNGVYCNNKKCWVNRGEATQSIIGGMISGWASGLAGM,41,21,0,20,51.22,0,48.78
2amn,RVKRVWPLVIRTVIAGYNLYRAIKKK,26,17,0,9,65.385,0,34.615
2b5k,RRWCFRVCYRGRFCYRKCR,19,0,4,15,0,21.053,78.947
2b68,GFGCPGNQLKCNNHCKSISCRAGYCDAATLWLRCTCTDCNGKK,43,12,6,25,27.907,13.953,58.14
2dcv,YVSCLFRGARCRVYSGRSCCFGYYCRRDFPGSIFGTCSRRNF,42,0,14,28,0,33.333,66.667
2dcw,YITCLFRGARCRVYSGRSCCFGYYCRRDFPGSIFGTCSRRNF,42,0,14,28,0,33.333,66.667
2dez,YPIKPEAPGEDASPEELNRYYASLRHYLNLVTRQRY,36,21,0,15,58.333,0,41.667
2df0,IKPEAPGEDASPEELNRYYASLRHYLNLVTRQRY,34,16,0,18,47.059,0,52.941
2e3g,ATCDLASKWNWNHTLCAAHCIARRYRGGYCNSKAVCVCRN,40,14,8,18,35,20,45
2eri,CGESCVFIPCISTLLGCSCKNKVCYRNGVIP,31,0,8,23,0,25.806,74.194
2fcg,IGKEFKRIVQRIKDFLRNLVPRTES,25,16,0,9,64,0,36
2fqa,SAISCGETCFKFKCYTPRCSCSYPVCK,27,0,9,18,0,33.333,66.667
2g9l,GILDTLKQFAKGVGKDLVKGAAQGVLSTVSCKLAKTC,37,12,0,25,32.432,0,67.568
2g9p,GLFGKLIKKFGRKAISYAVKKARGKH,26,22,0,4,84.615,0,15.385
2gdl,LVQRGRFGRFLRKIRRFRPKVTITIQGSARF,31,17,0,14,54.839,0,45.161
2gl1,KTCENLANTYRGPCFTTGSCDDHCKNKEHLRSGRCRDDFRCWCTRNC,47,12,15,20,25.532,31.915,42.553
2hfr,KRFWPLVPVAINTVAAGINLYKAIRRK,27,11,0,16,40.741,0,59.259
2i2j,SGSLSTFFRLFNRSFTQALGK,21,17,0,4,80.952,0,19.048
2igr,KWKVFKKIEKKWKVFKKIEKAGPKWKVFKKIEK,33,32,0,1,96.97,0,3.03
2it8,GVCPKILKKCRRDSDCPGACICRGNGYCG,29,5,4,20,17.241,13.793,68.966
2jpy,FLSLIPHAINAVSTLVHHF,19,16,0,3,84.211,0,15.789
2jq0,FLSLIPHAINAVSAIAKHN,19,16,0,3,84.211,0,15.789
2jq1,FLSLIPHAINAVSALANHG,19,13,0,6,68.421,0,31.579
2jr8,GKIPVKAIKQAGKVIGKGLRAINIAGTTHDVVSFFRPKKKKH,42,33,0,9,78.571,0,21.429
2jsb,RWCVYAYVRVRGVLVRYRRCW,21,0,18,3,0,85.714,14.286
2jwm,CGETCTLGTCYTQGCTCSWPICKRNGLPV,29,0,6,23,0,20.69,79.31
2k10,GILSSFKGVAKGVAKDLAGKLLETLKCKITGC,32,28,0,4,87.5,0,12.5
2k1i,RRTCHCRSRCLRRESNSGSCNINGRIFSLCCR,32,0,19,13,0,59.375,40.625
2k38,GFGALFKFLAKKVAKTVAKQAAKQGAKYVVNKQME,35,12,0,23,34.286,0,65.714
2k7g,GVPICGETCTLGTCYTAGCSCSWPVCTRN,29,3,9,17,10.345,31.034,58.621
2k98,GIGKFLKKAKKGIGAVLKVLTTGL,24,22,0,2,91.667,0,8.333
2ket,GRFKRFRKKFKKLFKKLSPVIPLLHL,26,23,0,3,88.462,0,11.538
2kj7,KCNTATCATQRLANFLVRSSNNLGPVLPPTNVGSNTY,37,21,0,16,56.757,0,43.243
2kus,SGPNGQCGPGWGGCRGGLCCSQYGYCGSGPKYCAH,35,6,4,25,17.143,11.429,71.429
2kux,GTPCGESCVYIPCISGVIGCSCTDKVCYLN,30,6,13,11,20,43.333,36.667
2l1q,MTPFWRGVSLRPIGASCRDDSECITRLCRKRRCSLSVAQE,40,4,4,32,10,10,80
2l2r,GSGRGSCRSQCMRRHEDEPWRVQECVSQCRRRRGGGD,37,24,0,13,64.865,0,35.135
2l36,GIGKALKKAKKGIGAVLKVLTTGL,24,22,0,2,91.667,0,8.333
2l3i,GIRCPKSWKCKAFKQRVLKRLLAMLRQHAF,30,17,0,13,56.667,0,43.333
2l5r,GLKEIFKAGLGSLVKGIAAHVAS,23,22,0,1,95.652,0,4.348
2l96,KKLKLAPAKLALLWKALALKLKKA,24,11,0,13,45.833,0,54.167
2l99,KKLKLALAKPALLWKALALKLKKA,24,20,0,4,83.333,0,16.667
2l9a,KKLKLALAKLAPLWKALALKLKKA,24,11,0,13,45.833,0,54.167
2la2,RWKIFKKIEKVGRNVRDGIIKAGPAVAVVGQAATVVK,37,34,0,3,91.892,0,8.108
2lam,GLPTCGETCTLGTCYVPDCSCSWPICMKN,29,0,6,23,0,20.69,79.31
2lb7,AQRCGDQARGAKCPNCLCCGKYGFCGSGDAYCGAGSCQSQCRGC,44,11,11,22,25,25,50
2lg4,AACSDRAHGHICESFKSFCKDSGRNGVKLRANCKKTCGLC,40,19,0,21,47.5,0,52.5
2lg5,LFCKGGSCHFGGCPSHLIKVGSCFGFRSCCKWPWNA,36,0,11,25,0,30.556,69.444
2lg6,LFCKGGSCHFGGCPSHLIKVGSCFGFRSCCAWPWNA,36,5,17,14,13.889,47.222,38.889
2lj7,KTCENLSDSFKGPCIPDGNCNKHCKEKEHLLSGRCRDDFRCWCTRNC,47,9,15,23,19.149,31.915,48.936
2ljq,KYYGNGVHSTKSGSSVNWGEAFSAGVHRLANGGNGFW,37,24,0,13,64.865,0,35.135
2ljt,KYYGNGVHLTKSGLSVNWGEAFSAGVHRLANGGNGFW,37,26,0,11,70.27,0,29.73
2lld,ATCDLLSGTGVKHSACAAHCLLRGNRGGYCNGRAICVCRN,40,9,6,25,22.5,15,62.5
2lmf,LLGDFFRKSKEKIGKEFKRIVQR,23,21,0,2,91.304,0,8.696
2ln4,VTCDVLSFEAKGIAVNHSACALHCIALRKKGGSCQNGVCVCRN,43,12,10,21,27.907,23.256,48.837
2lnq,DAEFRHDSGYEVHHQKLVFFAENVGSNKGAIIGLMVGGVV,40,0,14,26,0,35,65
2lr3,RTCESQSHKFKGPCASDHNCASVCQTERFSGGRCRGFRRRCFCTTHC,47,13,15,19,27.66,31.915,40.426
2lr5,GFGCPFNENECHAHCLSIGRKFGFCAGPLRATCTCGKQ,38,12,8,18,31.579,21.053,47.368
2lr7,RKCNFLCKLKEKLRTVITSHIDKVLRPQG,29,0,0,29,0,0,100
2ls9,GWGSFFKKAAHVGKHVGKAALTHYL,25,18,0,7,72,0,28
2lsa,GIGKFLHSAKKFGKAFVGEIMNS,23,21,0,2,91.304,0,8.696
2lt8,GFGCPGDAYQCSEHCRALGGGRTGGYCAGPWYLGHPTCTCSF,42,13,10,19,30.952,23.81,45.238
2lxo,GIINTLQKYYCRVRGAICHPVFCPRRYKQIGTCGLPGTKCCKKP,44,0,0,44,0,0,100
2m6a,ADDRCERMCQRYHDRREKKQCMKGCRYG,28,22,0,6,78.571,0,21.429
2m8v,ADRGWIKTLTKDCPNVISSICAGTIITACKNCA,33,0,0,33,0,0,100
2m9o,GLPVCGETCTLGTCYTQGCTCSWPICKRN,29,0,8,21,0,27.586,72.414
2mag,GIGKFLHSAKKFGKAFVGEIMNS,23,20,0,3,86.957,0,13.043
2mbd,GLPRKILCAIAKKKGKCKGPLKLVCKC,27,20,0,7,74.074,0,25.926
2mdl,TCHIRRKPKFRKFKLYHEGKFWCP,24,0,0,24,0,0,100
2mfs,CVLIGQRCDNDRGPRCCSGQGNCVPLPFLGGVCAV,35,0,10,25,0,28.571,71.429
2mhw,GIGGVLLSAGKAALKGLAKVLAEKYAN,27,19,0,8,70.37,0,29.63
2mij,GLGKAQCAALWLQCASGGTIGCGGGAVACQNYRQFCR,37,20,0,17,54.054,0,45.946
2mmj,GLFGVLAKVAGHVVGAIAEHF,21,19,0,2,90.476,0,9.524
2mmm,GGLKKLGKKLEGAGKRVFKASEKALPVVVGIKAIGK,36,34,0,2,94.444,0,5.556
2mmt,GGAGHVPEYFVRGDFPISFYG,21,0,0,21,0,0,100
2mmw,GGAGHVPEYFVRGDTPISFYG,21,0,0,21,0,0,100
2mn1,GLPVCGETCVGGTCNTPGCTCSWWPVCTRN,30,0,7,23,0,23.333,76.667
2mvx,DAEFRHDSGYEVHHQKLVFFADVGSNKGAIIGLMVGGVV,39,0,16,23,0,41.026,58.974
2mwt,KRFKKFFKKVKKSVKKRLKKIFKKPMVIGVTIPF,34,21,0,13,61.765,0,38.235
2n1c,FEDLPNFGHIQVKVFNHGEHIHH,23,15,0,8,65.217,0,34.783
2n1e,VKVKVKVKVPPTKVKVKVKV,20,0,16,4,0,80,20
2n30,FEDLPNFGHIQVKVFNHGEHIHH,23,16,0,7,69.565,0,30.435
2n4k,KYYGNGVSCNKKGCSVDWGKAIGIIGNNAAANLTTGGKAGWKG,43,16,0,27,37.209,0,62.791
2n92,SWLSKTAKKLENSAKKRISEGIAIAIQGGPR,31,16,0,15,51.613,0,48.387
2na5,IKPEAPGEDASPEELNRYYASLRHYLNLVTRQRY,34,21,0,13,61.765,0,38.235
2ncx,GLNALKKVFQGIHEAIKLINNHVQ,24,22,0,2,91.667,0,8.333
2ncy,GLNALKKVFQPIHEAIKLINNHVQ,24,21,0,3,87.5,0,12.5
2nlb,DHYACVSSGGQCLYSACPIFTKIQGTCYRGKAKCCK,36,8,12,16,22.222,33.333,44.444
2nlc,DHYNCVSAGGQCLYSACPIFTKIQGTCYRGKAKCCK,36,8,12,16,22.222,33.333,44.444
2nld,DHYNCVSSGGACLYSACPIFTKIQGTCYRGKAKCCK,36,8,12,16,22.222,33.333,44.444
2nle,DHYNCVSSGGQCAYSACPIFTKIQGTCYRGKAKCCK,36,8,12,16,22.222,33.333,44.444
2nlf,DHYNCVSSGGQCEYSACPIFTKIQGTCYRGKAKCCK,36,8,12,16,22.222,33.333,44.444
2nlg,DHYNCVSSGGQCLYSACPIFTEIQGTCYRGKAKCCK,36,8,12,16,22.222,33.333,44.444
2nlh,DHYNCVSSGGQCLYSACPIFTKIAGTCYRGKAKCCK,36,8,12,16,22.222,33.333,44.444
2nlp,DHYNCVSSGGQCLYSACPIFTKIEGTCYRGKAKCCK,36,8,12,16,22.222,33.333,44.444
2nlq,DHYNCVSSGGQCLYSACPIFTKIQGTCYRGAAKCCK,36,8,12,16,22.222,33.333,44.444
2nls,DHYNCVSSGGQCLYSACPIFTKIQGTCYRGEAKCCK,36,8,12,16,22.222,33.333,44.444
2ny8,ATCDLASGFGVGSSLCAAHCIARRYRGGYCNSKAVCVCRN,40,9,29,2,22.5,72.5,5
2nz3,ATCDLASIFNVNHALCAAHCIARRYRGGYCNSKAVCVCRN,40,11,6,23,27.5,15,57.5
2ojn,FFHHIFRPIVHVGKTIHRLVTG,22,13,0,9,59.091,0,40.909
2ojo,FFHHIFRAIVHVAKTIHRLVTG,22,22,0,0,100,0,0
2oon,YPAKPEAPGEDASAEELSRYYASLRHYLNLVTRQRY,36,16,0,20,44.444,0,55.556
2oop,YPAKPEYPGEDASPEELSRYYASLRHYLNLVTRQRY,36,18,0,18,50,0,50
2pco,SMWSGMWRRKLKKLRNALKKKLKGEK,26,18,0,8,69.231,0,30.769
2plz,DHYNCVSSGGQCLYSACPIFTRIQGTCYRGRARCCR,36,8,4,24,22.222,11.111,66.667
2pm1,ACYCRIPACIAGEAAYGTCIYQGALWAFCC,30,0,18,12,0,60,40
2pm4,DCYCRIPACIAGEKKYGTCIYQGKLWAFCC,30,0,18,12,0,60,40
2pm5,DCYCRIPACIAGEAAYGTCIYQGALWAFCC,30,0,18,12,0,60,40
2po8,CPKILKKCRRDSDCPGACICRGNGYCGSGSDGGV,34,8,6,20,23.529,17.647,58.824
2pv6,ELDKWASLWNWFNITNWLWYIK,22,21,0,1,95.455,0,4.545
2v9b,KSCCPNTTGRDIYNTCRLGGGSRERCASLSGCKIISASTCPSDYPK,46,24,4,18,52.174,8.696,39.13
3c8p,KSCCPSTTGRNIYNTCRLTGSSRETCAKLSGCKIISASTCPSNYPK,46,24,4,18,52.174,8.696,39.13
3e4h,CGETCTLGTCYTAGCSCSWPVCTRNGVPI,29,0,6,23,0,20.69,79.31
3h6c,ACYCRIPACIAGERRYGTCIYAGRLWAFCC,30,0,17,13,0,56.667,43.333
3hj2,CGGACYCRIPACIAGERRYGTCIYQGRLWAFCC,33,0,16,17,0,48.485,51.515
3lo1,ACYCRIPACIAGERRAGTCIYQGRLWAFCC,30,0,18,12,0,60,40
3lo2,ACYCRIPACIAGERRYGTCIAQGRLWAFCC,30,0,18,12,0,60,40
3lo4,ACYCRIPACIAGERRYGTCIYQGALWAFCC,30,0,17,13,0,56.667,43.333
3loe,ACYCRIPACIAGERRYGTCIYQGRLWAACC,30,0,18,12,0,60,40
3lvx,ACYCRAPACIAGERRYGTCIYQGRLWAFCC,30,0,18,12,0,60,40
3ngg,KDRPKKPGLCPPRPQKPCVKECKNDDSCPGQQKCCNYGCKDECRDPIFVG,50,5,8,37,10,16,74
3psm,KTCENLADTFRGPCFTDGSCDDHCKNKEHLIKGRCRDDFRCWCTRNC,47,12,15,20,25.532,31.915,42.553
4du0,ACYCRIPACIAGERRYATCIYQGRLWAFCC,30,0,18,12,0,60,40
4lb1,ACYCRIPACIAGERRAGTCIYQGRLWAACC,30,0,17,13,0,56.667,43.333
4lb7,ACYCRIPACIAGERRAGTCAYQGRAWAACC,30,0,17,13,0,56.667,43.333
4lbb,ACYCRIPACIAGERRYGTCAYQGRLWAFCC,30,0,18,12,0,60,40
4lbf,ACYCRIPACIAGERRYGTCAYQGRAWAFCC,30,0,16,14,0,53.333,46.667
4ozk,ACQCPDAISGWTHTDYQCHGLENKMYRHVYAICMNGTQVYCRTEWGSSC,49,0,30,19,0,61.224,38.776
4ttn,GLPVCAETCVGGTCNTPGCTCSWPVCTRNG,30,0,6,24,0,20,80
4tto,GLPVCGETCVGGTCNTPGCTCSWPACTRNG,30,0,6,24,0,20,80
5cgo,GIGKFLHAAKKFGKAFVAEIMNS,23,21,0,2,91.304,0,8.696
5gwg,LRVRRTLQCSCRRVCRNTCSCIRLSRSTYAS,31,0,10,21,0,32.258,67.742
5h2s,FIHHIIGGLFSAGKAIHRLIRRRRR,25,19,0,6,76,0,24
5j6t,IFGAIWPLALGALKNLIK,18,18,0,0,100,0,0
5j6v,DIFGAIWPLALGALKNLIK,19,15,0,4,78.947,0,21.053
5j6w,KIFGAIWPLALGALKNLIK,19,14,0,5,73.684,0,26.316
5khb,MGIIAGIIKVIKSLIEQFTGK,21,14,0,7,66.667,0,33.333
5lcs,QPFIPRPIDTCRLRNGICFPGICRRPYYWIGTCNNGIGSCCARGWRS,47,3,16,28,6.383,34.043,59.574
5lm0,ADDRCYRMCQRYHDRREKKQCKEGCRYG,28,23,0,5,82.143,0,17.857
5m9u,RWCVYAYRRVRGVLVRYRRCW,21,0,18,3,0,85.714,14.286
5nce,RMCKTPSGKFKGYCVNNTNCKNVCRTEGFPTGSCDFHVAGRKCYCYKPCP,50,13,17,20,26,34,40
5ujr,WGWKEVVQNGQTIFSAGQKLGNMVGKIVPLPFG,33,26,0,7,78.788,0,21.212
5ukz,KYYGNGVTCGKHSCSVDWGKATTCIINNGALAWATGGHQGNHKC,44,15,6,23,34.091,13.636,52.273
5v0y,GFCWYVCVYRNGVRVCYRRCN,21,0,14,7,0,66.667,33.333
5v11,GFCWYVCARRNGARVCYRRCN,21,0,19,2,0,90.476,9.524
5wov,GGVCPKILQRCRRDSDCPGACICRGNGYCGSGSD,34,11,0,23,32.353,0,67.647
5wow,GGVCPKILQRCRRDSDCPGACICRGNGYCGYPYDVPDYA,39,0,0,39,0,0,100
5x3l,GLGSVFGRLARILGRVIPKV,20,9,0,11,45,0,55
5xa6,GFGCPFNQGKCHRHCRSIRRRGGYCDGFLKQRCVCYRK,38,11,0,27,28.947,0,71.053
5xol,GSKKPVPIIYCNAATGKCQRM,21,0,0,21,0,0,100
5y0h,GFAWNVCVYRNGVRVCHRRAN,21,0,12,9,0,57.143,42.857
5y0i,GFCWNVCVYRNGVRVCHRRCN,21,0,18,3,0,85.714,14.286
5y0j,AFCWNVCVYRNAVRVCHRRCN,21,0,16,5,0,76.19,23.81
5z1y,NLCASLRARHTIPQCRKFGRR,21,13,0,8,61.905,0,38.095
5zv6,AGECVRGRCPGGLCCSKFGFCGSGPAYCGG,30,0,6,24,0,20,80
6b55,ARECKTESNTFPGICITKPPCRKACISEKFTDGHCSKILRRCLCTKPC,48,12,17,19,25,35.417,39.583
6b9w,GSACQFWSCNSSCISRGYRQGYCWGIQYKYCQCQ,34,11,4,19,32.353,11.765,55.882
6bam,GSACQFWSCNSSCISRGYRQGKCWGIQYKYCQCQ,34,10,6,18,29.412,17.647,52.941
6bb6,GMACQFWSCNSSCISRGYRQGKCWGIQYKYCQCY,34,13,4,17,38.235,11.765,50
6bi5,GMACQFWSCNSSCISRGYRQGKCWGKYCQCY,31,13,6,12,41.935,19.355,38.71
6c41,VFQFLGKIIHHVGNFVHGFSHVF,23,23,0,0,100,0,0
6cl3,IWLTALKFLGKNLGKLAKQQLAKL,24,24,0,0,100,0,0
6dhr,GLPICGETCLLGKCYTPGCSCRRPVCYKN,29,0,6,23,0,20.69,79.31
6dmm,VCSCRLVFCRRTELRVGNCLIGAVSFTYCCTRV,33,0,21,12,0,63.636,36.364
6dmq,VCSCRLVFCRRTELRVGNCLIGGVSFAYCCTRV,33,0,21,12,0,63.636,36.364
6dmz,RTCQSQSHRFRGPCLRRSNCANVCRTEGFPGGRCRGFRRRCFCTTHC,47,12,15,20,25.532,31.915,42.553
6dst,GIGAVLKVLTTGLPALISWIKRKRQQ,26,23,0,3,88.462,0,11.538
6duu,FLPIIINLKALAALAKKIL,19,17,0,2,89.474,0,10.526
6e3y,ACDTATCVTHRLAGLLSRSGGVVKNNFVPTNVGSKAF,37,14,0,23,37.838,0,62.162
6fs4,TKLTEEEKNRLNFLKKISQRYQKFALPQYLK,31,18,0,13,58.065,0,41.935
6hz2,GIGGKILSGLKTALKGAAKELASTYLH,27,26,0,1,96.296,0,3.704
6k50,GFGCNGPWNEDDLRCHNHCKSIKGYKGGYCAKGGFVCKCY,40,14,6,20,35,15,50
6k51,GFGCNGPWQEDDLKCHNHCKSIKGYKGGYCAKGGFVCKCY,40,11,6,23,27.5,15,57.5
6kra,RRTCRCRFGRCFRRESYSGSCNINGRIFSLCCR,33,0,19,14,0,57.576,42.424
6lwy,ACQCPDAISGWTHTDYQCHGLEKKMYRHVYAICMNGSQVYCRTEWGSSC,49,0,29,20,0,59.184,40.816
6mry,ARQCKAESNTFTGICIAKPPCRQACIREKFTDGHCSKVLRRCLCTKRC,48,12,15,21,25,31.25,43.75
6nom,KTCENLSGTFKGPCIPDGNCNKHCRNNEHLLSGRCRDDFRCWCTNRC,47,9,8,30,19.149,17.021,63.83
6o8j,AGKETIRQYLKNEIKKKGRKAVIAW,25,6,0,19,24,0,76
6o8p,AGKEKIRKKLKNEIKKKGRKAVIAW,25,0,0,25,0,0,100
6o8r,AWKEKIRKKLKNEIKKKGRKAVIAW,25,5,0,20,20,0,80
6o8s,AGKEKIRKKLKNEIKKKWRKAVIAW,25,0,0,25,0,0,100
6o8t,AWKEKIRKKLKNEIKKKWRKAVIAW,25,5,0,20,20,0,80
6r2x,FETLRGDERILSILRHQNLLKELQD,25,16,0,9,64,0,36
6rsf,GWGSFFRRAAHVGRHVGRAALTHYL,25,5,0,20,20,0,80
6rsg,GWGSFFKKAAHAGKHAGKAALTHYL,25,0,0,25,0,0,100
6ry9,GRRKRKWLRRIGKGVKIIGGAALDHL,26,6,0,20,23.077,0,76.923
6ryq,WLRRIGKGVKIIGGAALDHL,20,6,0,14,30,0,70
6rz1,FLGALIKGAIHGGRFIHGMIQNHH,24,0,0,24,0,0,100
6rzc,GWGSIFKHGRHAAKHIGHAAVNHYL,25,0,0,25,0,0,100
6s2d,GKGRWLERIGKAGFIIIGGALDHL,24,6,0,18,25,0,75
6vpn,KTCENLADTYKGPCFTTGSCDDHCKNKEHLRSGRCRDDFRCWCTKNC,47,12,15,20,25.532,31.915,42.553
6wpo,GIGDILKNLAKAAGKAALHAVGESL,25,25,0,0,100,0,0
7c2p,RTCESQSHKFKGPCLRASNCANVCKTEGFHGGKCRGFRRRCFCTKHC,47,11,17,19,23.404,36.17,40.426
7c31,RVCESQSHKFEGACMGDHNCALVCRNEGFSGGKCKGLRRRCFCTKLC,47,12,17,18,25.532,36.17,38.298
7k7x,GLPVCGETCVGGTCNTPGCVCSWPVCTRN,29,0,0,29,0,0,100
7kpd,AIPCGESCVYIPCISVVIGCSCRNKVCYR,29,5,11,13,17.241,37.931,44.828
7ns1,MITISTMLQFGLFLIALIGLVIKLIELSNKK,31,27,0,4,87.097,0,12.903
